message_id,message_type,charge_point_id,action,write_timestamp,body,write_timestamp_epoch
7cfd5119-0856-4194-9614-7209574ec09d,2,acea7af6-eb97-4158-8549-2edda4aab255,StartTransaction,2023-01-01T12:20:32.296+01:00,"{\"connector_id\": 3, \"id_tag\": \"b6a65ab4-fbbc-4f04-ab22-6e567dcaf1cf\", \"meter_start\": 0, \"timestamp\": \"2023-01-01T11:20:31.296429+00:00\", \"reservation_id\": null}",2023-01-01T12:20:32.296+01:00
7cfd5119-0856-4194-9614-7209574ec09d,3,acea7af6-eb97-4158-8549-2edda4aab255,StartTransaction,2023-01-01T12:20:33.296+01:00,"{\"transaction_id\": 2, \"id_tag_info\": {\"status\": \"Accepted\", \"parent_id_tag\": \"b6a65ab4-fbbc-4f04-ab22-6e567dcaf1cf\", \"expiry_date\": null}}",2023-01-01T12:20:33.296+01:00
464005cc-ace8-4b1d-8cef-95fca03428af,2,acea7af6-eb97-4158-8549-2edda4aab255,StatusNotification,2023-01-01T12:20:34.296+01:00,"{\"connector_id\": 3, \"error_code\": \"NoError\", \"status\": \"Preparing\", \"timestamp\": \"2023-01-01T11:20:34.296429+00:00\", \"info\": null, \"vendor_id\": null, \"vendor_error_code\": null}",2023-01-01T12:20:34.296+01:00
15b4d461-2af4-4fcb-8032-66cddfb5903a,2,acea7af6-eb97-4158-8549-2edda4aab255,StatusNotification,2023-01-01T12:20:35.296+01:00,"{\"connector_id\": 3, \"error_code\": \"NoError\", \"status\": \"Charging\", \"timestamp\": \"2023-01-01T11:20:35.296429+00:00\", \"info\": null, \"vendor_id\": null, \"vendor_error_code\": null}",2023-01-01T12:20:35.296+01:00
464005cc-ace8-4b1d-8cef-95fca03428af,3,acea7af6-eb97-4158-8549-2edda4aab255,StatusNotification,2023-01-01T12:20:35.296+01:00,{},2023-01-01T12:20:35.296+01:00
15b4d461-2af4-4fcb-8032-66cddfb5903a,3,acea7af6-eb97-4158-8549-2edda4aab255,StatusNotification,2023-01-01T12:20:36.296+01:00,{},2023-01-01T12:20:36.296+01:00
314bc28e-0c5b-4773-b60c-a25f56b4d003,2,acea7af6-eb97-4158-8549-2edda4aab255,MeterValues,2023-01-01T12:20:37.296+01:00,"{\"connector_id\": 3, \"meter_value\": [{\"timestamp\": \"2023-01-01T11:20:37.296429+00:00\", \"sampled_value\": [{\"value\": \"0.0\", \"context\": \"Sample.Periodic\", \"format\": \"Raw\", \"measurand\": \"Voltage\", \"phase\": \"L1-N\", \"location\": null, \"unit\": \"V\"}, {\"value\": \"7.64\", \"context\": \"Sample.Periodic\", \"format\": \"Raw\", \"measurand\": \"Current.Import\", \"phase\": \"L1\", \"location\": null, \"unit\": \"A\"}, {\"value\": \"1347.6\", \"context\": \"Sample.Periodic\", \"format\": \"Raw\", \"measurand\": \"Power.Active.Import\", \"phase\": \"L1\", \"location\": null, \"unit\": \"W\"}, {\"value\": \"0.0\", \"context\": \"Sample.Periodic\", \"format\": \"Raw\", \"measurand\": \"Voltage\", \"phase\": \"L2-N\", \"location\": null, \"unit\": \"V\"}, {\"value\": \"0.0\", \"context\": \"Sample.Periodic\", \"format\": \"Raw\", \"measurand\": \"Current.Import\", \"phase\": \"L2\", \"location\": null, \"unit\": \"A\"}, {\"value\": \"0.0\", \"context\": \"Sample.Periodic\", \"format\": \"Raw\", \"measurand\": \"Power.Active.Import\", \"phase\": \"L2\", \"location\": null, \"unit\": \"W\"}, {\"value\": \"0.0\", \"context\": \"Sample.Periodic\", \"format\": \"Raw\", \"measurand\": \"Voltage\", \"phase\": \"L3-N\", \"location\": null, \"unit\": \"V\"}, {\"value\": \"0.0\", \"context\": \"Sample.Periodic\", \"format\": \"Raw\", \"measurand\": \"Current.Import\", \"phase\": \"L3\", \"location\": null, \"unit\": \"A\"}, {\"value\": \"0.0\", \"context\": \"Sample.Periodic\", \"format\": \"Raw\", \"measurand\": \"Power.Active.Import\", \"phase\": \"L3\", \"location\": null, \"unit\": \"W\"}, {\"value\": \"1347.6\", \"context\": \"Sample.Periodic\", \"format\": \"Raw\", \"measurand\": \"Energy.Active.Import.Register\", \"phase\": null, \"location\": null, \"unit\": \"Wh\"}, {\"value\": \"7.64\", \"context\": \"Sample.Periodic\", \"format\": \"Raw\", \"measurand\": \"Current.Import\", \"phase\": null, \"location\": null, \"unit\": \"A\"}, {\"value\": \"1347.6\", \"context\": \"Sample.Periodic\", \"format\": \"Raw\", \"measurand\": \"Power.Active.Import\", \"phase\": null, \"location\": null, \"unit\": \"W\"}]}], \"transaction_id\": 2}",2023-01-01T12:20:37.296+01:00
314bc28e-0c5b-4773-b60c-a25f56b4d003,3,acea7af6-eb97-4158-8549-2edda4aab255,MeterValues,2023-01-01T12:20:38.296+01:00,{},2023-01-01T12:20:38.296+01:00
