message_id,message_type,charge_point_id,action,write_timestamp,body,write_timestamp_epoch
8c244105-563a-4a17-8cc2-31a0aadc23c6,2,d85b4397-e44d-4105-bf73-8b7de467763f,Heartbeat,2023-01-03T20:03:29.000+01:00,{},2023-01-03T20:03:29.000+01:00
8c244105-563a-4a17-8cc2-31a0aadc23c6,3,d85b4397-e44d-4105-bf73-8b7de467763f,Heartbeat,2023-01-03T20:03:30.000+01:00,"{\\\"current_time\\\": \\\"2023-01-03T19:03:30.000025+00:00\\\"}",2023-01-03T20:03:30.000+01:00
91a5d915-683c-4697-b337-fc5d230662d8,2,a1d93b72-1a3e-42be-a301-ffbad19a0c44,Heartbeat,2023-01-03T20:03:39.000+01:00,{},2023-01-03T20:03:39.000+01:00
91a5d915-683c-4697-b337-fc5d230662d8,3,a1d93b72-1a3e-42be-a301-ffbad19a0c44,Heartbeat,2023-01-03T20:03:40.000+01:00,"{\\\"current_time\\\": \\\"2023-01-03T19:03:40.000036+00:00\\\"}",2023-01-03T20:03:40.000+01:00
ac2e1eb9-6454-476f-9aa6-9d897dc15bcc,2,acea7af6-eb97-4158-8549-2edda4aab255,StatusNotification,2023-01-03T20:03:57.127+01:00,"{\"connector_id\": 2, \"error_code\": \"NoError\", \"status\": \"Charging\", \"timestamp\": \"2023-01-03T19:03:57.127302+00:00\", \"info\": null, \"vendor_id\": null, \"vendor_error_code\": null}",2023-01-03T20:03:57.127+01:00
ac2e1eb9-6454-476f-9aa6-9d897dc15bcc,3,acea7af6-eb97-4158-8549-2edda4aab255,StatusNotification,2023-01-03T20:03:58.127+01:00,{},2023-01-03T20:03:58.127+01:00
