message_id,message_type,charge_point_id,action,write_timestamp,body,write_timestamp_epoch
e465b541-5264-448e-bd39-13fcd92b4f9a,2,b3dbcb91-72ab-42b7-8399-90f540ee38d9,Heartbeat,2023-01-03T13:31:24.000+01:00,{},2023-01-03T13:31:24.000+01:00
e465b541-5264-448e-bd39-13fcd92b4f9a,3,b3dbcb91-72ab-42b7-8399-90f540ee38d9,Heartbeat,2023-01-03T13:31:25.000+01:00,"{\\\"current_time\\\": \\\"2023-01-03T12:31:25.000015+00:00\\\"}",2023-01-03T13:31:25.000+01:00
0f597197-5d57-4480-abdf-790808f9a9ee,2,7e8404de-845e-4562-9587-720707e87de8,Heartbeat,2023-01-03T13:31:34.000+01:00,{},2023-01-03T13:31:34.000+01:00
0f597197-5d57-4480-abdf-790808f9a9ee,3,7e8404de-845e-4562-9587-720707e87de8,Heartbeat,2023-01-03T13:31:35.000+01:00,"{\\\"current_time\\\": \\\"2023-01-03T12:31:35.000026+00:00\\\"}",2023-01-03T13:31:35.000+01:00
4fa7f91d-0caf-4ef2-9f7d-e6d111417373,2,acea7af6-eb97-4158-8549-2edda4aab255,StopTransaction,2023-01-03T13:31:45.608+01:00,"{\"meter_stop\": 512275, \"timestamp\": \"2023-01-03T12:31:45.608209+00:00\", \"transaction_id\": 31, \"reason\": null, \"id_tag\": \"3a09dd6c-ab6a-4d64-8eb1-2f73b2755c8e\", \"transaction_data\": null}",2023-01-03T13:31:45.608+01:00
4fa7f91d-0caf-4ef2-9f7d-e6d111417373,3,acea7af6-eb97-4158-8549-2edda4aab255,StopTransaction,2023-01-03T13:31:46.608+01:00,"{\"id_tag_info\": {\"status\": \"Accepted\", \"parent_id_tag\": \"3a09dd6c-ab6a-4d64-8eb1-2f73b2755c8e\", \"expiry_date\": null}}",2023-01-03T13:31:46.608+01:00
9187edd4-5c74-4b5b-b9b8-4608af7d4577,2,acea7af6-eb97-4158-8549-2edda4aab255,StatusNotification,2023-01-03T13:31:47.608+01:00,"{\"connector_id\": 2, \"error_code\": \"NoError\", \"status\": \"Finishing\", \"timestamp\": \"2023-01-03T12:31:47.608209+00:00\", \"info\": null, \"vendor_id\": null, \"vendor_error_code\": null}",2023-01-03T13:31:47.608+01:00
9187edd4-5c74-4b5b-b9b8-4608af7d4577,3,acea7af6-eb97-4158-8549-2edda4aab255,StatusNotification,2023-01-03T13:31:48.608+01:00,{},2023-01-03T13:31:48.608+01:00
6f3a6a2b-4a8a-4b64-8556-766a14c73d3c,2,cb5e3f9c-1cd2-4c9e-9c18-09fbba6b5300,Heartbeat,2023-01-03T13:31:51.000+01:00,{},2023-01-03T13:31:51.000+01:00
6f3a6a2b-4a8a-4b64-8556-766a14c73d3c,3,cb5e3f9c-1cd2-4c9e-9c18-09fbba6b5300,Heartbeat,2023-01-03T13:31:52.000+01:00,"{\\\"current_time\\\": \\\"2023-01-03T12:31:52.000029+00:00\\\"}",2023-01-03T13:31:52.000+01:00
