message_id,message_type,charge_point_id,action,write_timestamp,body,write_timestamp_epoch
fab91368-88c2-427c-9538-be26dc81a57e,2,b3dbcb91-72ab-42b7-8399-90f540ee38d9,StartTransaction,2023-01-02T04:38:24.634+01:00,"{\"connector_id\": 1, \"id_tag\": \"04dae776-3884-4b65-afce-0478105422a1\", \"meter_start\": 36226, \"timestamp\": \"2023-01-02T03:38:23.634351+00:00\", \"reservation_id\": null}",2023-01-02T04:38:24.634+01:00
b74cb085-5bb1-4c6b-94c5-e493e543ea37,2,acea7af6-eb97-4158-8549-2edda4aab255,MeterValues,2023-01-02T04:38:25.067+01:00,"{\"connector_id\": 2, \"meter_value\": [{\"timestamp\": \"2023-01-02T03:38:25.067286+00:00\", \"sampled_value\": [{\"value\": \"0.0\", \"context\": \"Sample.Periodic\", \"format\": \"Raw\", \"measurand\": \"Voltage\", \"phase\": \"L1-N\", \"location\": null, \"unit\": \"V\"}, {\"value\": \"4.12\", \"context\": \"Sample.Periodic\", \"format\": \"Raw\", \"measurand\": \"Current.Import\", \"phase\": \"L1\", \"location\": null, \"unit\": \"A\"}, {\"value\": \"1769.98\", \"context\": \"Sample.Periodic\", \"format\": \"Raw\", \"measurand\": \"Power.Active.Import\", \"phase\": \"L1\", \"location\": null, \"unit\": \"W\"}, {\"value\": \"0.0\", \"context\": \"Sample.Periodic\", \"format\": \"Raw\", \"measurand\": \"Voltage\", \"phase\": \"L2-N\", \"location\": null, \"unit\": \"V\"}, {\"value\": \"0.0\", \"context\": \"Sample.Periodic\", \"format\": \"Raw\", \"measurand\": \"Current.Import\", \"phase\": \"L2\", \"location\": null, \"unit\": \"A\"}, {\"value\": \"0.0\", \"context\": \"Sample.Periodic\", \"format\": \"Raw\", \"measurand\": \"Power.Active.Import\", \"phase\": \"L2\", \"location\": null, \"unit\": \"W\"}, {\"value\": \"0.0\", \"context\": \"Sample.Periodic\", \"format\": \"Raw\", \"measurand\": \"Voltage\", \"phase\": \"L3-N\", \"location\": null, \"unit\": \"V\"}, {\"value\": \"0.0\", \"context\": \"Sample.Periodic\", \"format\": \"Raw\", \"measurand\": \"Current.Import\", \"phase\": \"L3\", \"location\": null, \"unit\": \"A\"}, {\"value\": \"0.0\", \"context\": \"Sample.Periodic\", \"format\": \"Raw\", \"measurand\": \"Power.Active.Import\", \"phase\": \"L3\", \"location\": null, \"unit\": \"W\"}, {\"value\": \"88229.43999999999\", \"context\": \"Sample.Periodic\", \"format\": \"Raw\", \"measurand\": \"Energy.Active.Import.Register\", \"phase\": null, \"location\": null, \"unit\": \"Wh\"}, {\"value\": \"4.12\", \"context\": \"Sample.Periodic\", \"format\": \"Raw\", \"measurand\": \"Current.Import\", \"phase\": null, \"location\": null, \"unit\": \"A\"}, {\"value\": \"1769.98\", \"context\": \"Sample.Periodic\", \"format\": \"Raw\", \"measurand\": \"Power.Active.Import\", \"phase\": null, \"location\": null, \"unit\": \"W\"}]}], \"transaction_id\": 11}",2023-01-02T04:38:25.067+01:00
fab91368-88c2-427c-9538-be26dc81a57e,3,b3dbcb91-72ab-42b7-8399-90f540ee38d9,StartTransaction,2023-01-02T04:38:25.634+01:00,"{\"transaction_id\": 12, \"id_tag_info\": {\"status\": \"Accepted\", \"parent_id_tag\": \"04dae776-3884-4b65-afce-0478105422a1\", \"expiry_date\": null}}",2023-01-02T04:38:25.634+01:00
b74cb085-5bb1-4c6b-94c5-e493e543ea37,3,acea7af6-eb97-4158-8549-2edda4aab255,MeterValues,2023-01-02T04:38:26.067+01:00,{},2023-01-02T04:38:26.067+01:00
902311c2-239d-4cdf-a5c2-db46a325def1,2,b3dbcb91-72ab-42b7-8399-90f540ee38d9,StatusNotification,2023-01-02T04:38:26.634+01:00,"{\"connector_id\": 1, \"error_code\": \"NoError\", \"status\": \"Preparing\", \"timestamp\": \"2023-01-02T03:38:26.634351+00:00\", \"info\": null, \"vendor_id\": null, \"vendor_error_code\": null}",2023-01-02T04:38:26.634+01:00
e6f977db-5c3a-4f65-990e-8839323fd342,2,b3dbcb91-72ab-42b7-8399-90f540ee38d9,StatusNotification,2023-01-02T04:38:27.634+01:00,"{\"connector_id\": 1, \"error_code\": \"NoError\", \"status\": \"Charging\", \"timestamp\": \"2023-01-02T03:38:27.634351+00:00\", \"info\": null, \"vendor_id\": null, \"vendor_error_code\": null}",2023-01-02T04:38:27.634+01:00
902311c2-239d-4cdf-a5c2-db46a325def1,3,b3dbcb91-72ab-42b7-8399-90f540ee38d9,StatusNotification,2023-01-02T04:38:27.634+01:00,{},2023-01-02T04:38:27.634+01:00
e6f977db-5c3a-4f65-990e-8839323fd342,3,b3dbcb91-72ab-42b7-8399-90f540ee38d9,StatusNotification,2023-01-02T04:38:28.634+01:00,{},2023-01-02T04:38:28.634+01:00
8c244105-563a-4a17-8cc2-31a0aadc23c6,2,d85b4397-e44d-4105-bf73-8b7de467763f,Heartbeat,2023-01-02T04:38:29.000+01:00,{},2023-01-02T04:38:29.000+01:00
e36f8986-0366-4577-9804-828a3a685b16,2,b3dbcb91-72ab-42b7-8399-90f540ee38d9,MeterValues,2023-01-02T04:38:29.634+01:00,"{\"connector_id\": 1, \"meter_value\": [{\"timestamp\": \"2023-01-02T03:38:29.634351+00:00\", \"sampled_value\": [{\"value\": \"0.0\", \"context\": \"Sample.Periodic\", \"format\": \"Raw\", \"measurand\": \"Voltage\", \"phase\": \"L1-N\", \"location\": null, \"unit\": \"V\"}, {\"value\": \"7.65\", \"context\": \"Sample.Periodic\", \"format\": \"Raw\", \"measurand\": \"Current.Import\", \"phase\": \"L1\", \"location\": null, \"unit\": \"A\"}, {\"value\": \"1696.51\", \"context\": \"Sample.Periodic\", \"format\": \"Raw\", \"measurand\": \"Power.Active.Import\", \"phase\": \"L1\", \"location\": null, \"unit\": \"W\"}, {\"value\": \"0.0\", \"context\": \"Sample.Periodic\", \"format\": \"Raw\", \"measurand\": \"Voltage\", \"phase\": \"L2-N\", \"location\": null, \"unit\": \"V\"}, {\"value\": \"0.0\", \"context\": \"Sample.Periodic\", \"format\": \"Raw\", \"measurand\": \"Current.Import\", \"phase\": \"L2\", \"location\": null, \"unit\": \"A\"}, {\"value\": \"0.0\", \"context\": \"Sample.Periodic\", \"format\": \"Raw\", \"measurand\": \"Power.Active.Import\", \"phase\": \"L2\", \"location\": null, \"unit\": \"W\"}, {\"value\": \"0.0\", \"context\": \"Sample.Periodic\", \"format\": \"Raw\", \"measurand\": \"Voltage\", \"phase\": \"L3-N\", \"location\": null, \"unit\": \"V\"}, {\"value\": \"0.0\", \"context\": \"Sample.Periodic\", \"format\": \"Raw\", \"measurand\": \"Current.Import\", \"phase\": \"L3\", \"location\": null, \"unit\": \"A\"}, {\"value\": \"0.0\", \"context\": \"Sample.Periodic\", \"format\": \"Raw\", \"measurand\": \"Power.Active.Import\", \"phase\": \"L3\", \"location\": null, \"unit\": \"W\"}, {\"value\": \"1696.51\", \"context\": \"Sample.Periodic\", \"format\": \"Raw\", \"measurand\": \"Energy.Active.Import.Register\", \"phase\": null, \"location\": null, \"unit\": \"Wh\"}, {\"value\": \"7.65\", \"context\": \"Sample.Periodic\", \"format\": \"Raw\", \"measurand\": \"Current.Import\", \"phase\": null, \"location\": null, \"unit\": \"A\"}, {\"value\": \"1696.51\", \"context\": \"Sample.Periodic\", \"format\": \"Raw\", \"measurand\": \"Power.Active.Import\", \"phase\": null, \"location\": null, \"unit\": \"W\"}]}], \"transaction_id\": 12}",2023-01-02T04:38:29.634+01:00
8c244105-563a-4a17-8cc2-31a0aadc23c6,3,d85b4397-e44d-4105-bf73-8b7de467763f,Heartbeat,2023-01-02T04:38:30.000+01:00,"{\\\"current_time\\\": \\\"2023-01-02T03:38:30.000025+00:00\\\"}",2023-01-02T04:38:30.000+01:00
e36f8986-0366-4577-9804-828a3a685b16,3,b3dbcb91-72ab-42b7-8399-90f540ee38d9,MeterValues,2023-01-02T04:38:30.634+01:00,{},2023-01-02T04:38:30.634+01:00
91a5d915-683c-4697-b337-fc5d230662d8,2,a1d93b72-1a3e-42be-a301-ffbad19a0c44,Heartbeat,2023-01-02T04:38:39.000+01:00,{},2023-01-02T04:38:39.000+01:00
91a5d915-683c-4697-b337-fc5d230662d8,3,a1d93b72-1a3e-42be-a301-ffbad19a0c44,Heartbeat,2023-01-02T04:38:40.000+01:00,"{\\\"current_time\\\": \\\"2023-01-02T03:38:40.000036+00:00\\\"}",2023-01-02T04:38:40.000+01:00
