message_id,message_type,charge_point_id,action,write_timestamp,body,write_timestamp_epoch
6f7f0b6b-4a03-4146-9be9-b34be49afe38,2,5d3706d3-5866-4f52-a52c-5efca5fbb312,MeterValues,2023-01-02T17:32:02.574+01:00,"{\"connector_id\": 3, \"meter_value\": [{\"timestamp\": \"2023-01-02T16:32:02.574107+00:00\", \"sampled_value\": [{\"value\": \"0.0\", \"context\": \"Sample.Periodic\", \"format\": \"Raw\", \"measurand\": \"Voltage\", \"phase\": \"L1-N\", \"location\": null, \"unit\": \"V\"}, {\"value\": \"4.12\", \"context\": \"Sample.Periodic\", \"format\": \"Raw\", \"measurand\": \"Current.Import\", \"phase\": \"L1\", \"location\": null, \"unit\": \"A\"}, {\"value\": \"1539.28\", \"context\": \"Sample.Periodic\", \"format\": \"Raw\", \"measurand\": \"Power.Active.Import\", \"phase\": \"L1\", \"location\": null, \"unit\": \"W\"}, {\"value\": \"0.0\", \"context\": \"Sample.Periodic\", \"format\": \"Raw\", \"measurand\": \"Voltage\", \"phase\": \"L2-N\", \"location\": null, \"unit\": \"V\"}, {\"value\": \"0.0\", \"context\": \"Sample.Periodic\", \"format\": \"Raw\", \"measurand\": \"Current.Import\", \"phase\": \"L2\", \"location\": null, \"unit\": \"A\"}, {\"value\": \"0.0\", \"context\": \"Sample.Periodic\", \"format\": \"Raw\", \"measurand\": \"Power.Active.Import\", \"phase\": \"L2\", \"location\": null, \"unit\": \"W\"}, {\"value\": \"0.0\", \"context\": \"Sample.Periodic\", \"format\": \"Raw\", \"measurand\": \"Voltage\", \"phase\": \"L3-N\", \"location\": null, \"unit\": \"V\"}, {\"value\": \"0.0\", \"context\": \"Sample.Periodic\", \"format\": \"Raw\", \"measurand\": \"Current.Import\", \"phase\": \"L3\", \"location\": null, \"unit\": \"A\"}, {\"value\": \"0.0\", \"context\": \"Sample.Periodic\", \"format\": \"Raw\", \"measurand\": \"Power.Active.Import\", \"phase\": \"L3\", \"location\": null, \"unit\": \"W\"}, {\"value\": \"47436.16999999999\", \"context\": \"Sample.Periodic\", \"format\": \"Raw\", \"measurand\": \"Energy.Active.Import.Register\", \"phase\": null, \"location\": null, \"unit\": \"Wh\"}, {\"value\": \"4.12\", \"context\": \"Sample.Periodic\", \"format\": \"Raw\", \"measurand\": \"Current.Import\", \"phase\": null, \"location\": null, \"unit\": \"A\"}, {\"value\": \"1539.28\", \"context\": \"Sample.Periodic\", \"format\": \"Raw\", \"measurand\": \"Power.Active.Import\", \"phase\": null, \"location\": null, \"unit\": \"W\"}]}], \"transaction_id\": 22}",2023-01-02T17:32:02.574+01:00
6f7f0b6b-4a03-4146-9be9-b34be49afe38,3,5d3706d3-5866-4f52-a52c-5efca5fbb312,MeterValues,2023-01-02T17:32:03.574+01:00,{},2023-01-02T17:32:03.574+01:00
4f7db348-a32e-4b91-b6df-9dfacf521fcd,2,d85b4397-e44d-4105-bf73-8b7de467763f,MeterValues,2023-01-02T17:32:03.963+01:00,"{\"connector_id\": 2, \"meter_value\": [{\"timestamp\": \"2023-01-02T16:32:03.963642+00:00\", \"sampled_value\": [{\"value\": \"0.0\", \"context\": \"Sample.Periodic\", \"format\": \"Raw\", \"measurand\": \"Voltage\", \"phase\": \"L1-N\", \"location\": null, \"unit\": \"V\"}, {\"value\": \"4.63\", \"context\": \"Sample.Periodic\", \"format\": \"Raw\", \"measurand\": \"Current.Import\", \"phase\": \"L1\", \"location\": null, \"unit\": \"A\"}, {\"value\": \"1648.24\", \"context\": \"Sample.Periodic\", \"format\": \"Raw\", \"measurand\": \"Power.Active.Import\", \"phase\": \"L1\", \"location\": null, \"unit\": \"W\"}, {\"value\": \"0.0\", \"context\": \"Sample.Periodic\", \"format\": \"Raw\", \"measurand\": \"Voltage\", \"phase\": \"L2-N\", \"location\": null, \"unit\": \"V\"}, {\"value\": \"0.0\", \"context\": \"Sample.Periodic\", \"format\": \"Raw\", \"measurand\": \"Current.Import\", \"phase\": \"L2\", \"location\": null, \"unit\": \"A\"}, {\"value\": \"0.0\", \"context\": \"Sample.Periodic\", \"format\": \"Raw\", \"measurand\": \"Power.Active.Import\", \"phase\": \"L2\", \"location\": null, \"unit\": \"W\"}, {\"value\": \"0.0\", \"context\": \"Sample.Periodic\", \"format\": \"Raw\", \"measurand\": \"Voltage\", \"phase\": \"L3-N\", \"location\": null, \"unit\": \"V\"}, {\"value\": \"0.0\", \"context\": \"Sample.Periodic\", \"format\": \"Raw\", \"measurand\": \"Current.Import\", \"phase\": \"L3\", \"location\": null, \"unit\": \"A\"}, {\"value\": \"0.0\", \"context\": \"Sample.Periodic\", \"format\": \"Raw\", \"measurand\": \"Power.Active.Import\", \"phase\": \"L3\", \"location\": null, \"unit\": \"W\"}, {\"value\": \"31352.29\", \"context\": \"Sample.Periodic\", \"format\": \"Raw\", \"measurand\": \"Energy.Active.Import.Register\", \"phase\": null, \"location\": null, \"unit\": \"Wh\"}, {\"value\": \"4.63\", \"context\": \"Sample.Periodic\", \"format\": \"Raw\", \"measurand\": \"Current.Import\", \"phase\": null, \"location\": null, \"unit\": \"A\"}, {\"value\": \"1648.24\", \"context\": \"Sample.Periodic\", \"format\": \"Raw\", \"measurand\": \"Power.Active.Import\", \"phase\": null, \"location\": null, \"unit\": \"W\"}]}], \"transaction_id\": 23}",2023-01-02T17:32:03.963+01:00
4f7db348-a32e-4b91-b6df-9dfacf521fcd,3,d85b4397-e44d-4105-bf73-8b7de467763f,MeterValues,2023-01-02T17:32:04.963+01:00,{},2023-01-02T17:32:04.963+01:00
43eb2da9-78a5-4218-85a9-d0ba8e4617f2,2,7e8404de-845e-4562-9587-720707e87de8,MeterValues,2023-01-02T17:32:30.792+01:00,"{\"connector_id\": 2, \"meter_value\": [{\"timestamp\": \"2023-01-02T16:32:30.792164+00:00\", \"sampled_value\": [{\"value\": \"0.0\", \"context\": \"Sample.Periodic\", \"format\": \"Raw\", \"measurand\": \"Voltage\", \"phase\": \"L1-N\", \"location\": null, \"unit\": \"V\"}, {\"value\": \"6.51\", \"context\": \"Sample.Periodic\", \"format\": \"Raw\", \"measurand\": \"Current.Import\", \"phase\": \"L1\", \"location\": null, \"unit\": \"A\"}, {\"value\": \"1645.83\", \"context\": \"Sample.Periodic\", \"format\": \"Raw\", \"measurand\": \"Power.Active.Import\", \"phase\": \"L1\", \"location\": null, \"unit\": \"W\"}, {\"value\": \"0.0\", \"context\": \"Sample.Periodic\", \"format\": \"Raw\", \"measurand\": \"Voltage\", \"phase\": \"L2-N\", \"location\": null, \"unit\": \"V\"}, {\"value\": \"0.0\", \"context\": \"Sample.Periodic\", \"format\": \"Raw\", \"measurand\": \"Current.Import\", \"phase\": \"L2\", \"location\": null, \"unit\": \"A\"}, {\"value\": \"0.0\", \"context\": \"Sample.Periodic\", \"format\": \"Raw\", \"measurand\": \"Power.Active.Import\", \"phase\": \"L2\", \"location\": null, \"unit\": \"W\"}, {\"value\": \"0.0\", \"context\": \"Sample.Periodic\", \"format\": \"Raw\", \"measurand\": \"Voltage\", \"phase\": \"L3-N\", \"location\": null, \"unit\": \"V\"}, {\"value\": \"0.0\", \"context\": \"Sample.Periodic\", \"format\": \"Raw\", \"measurand\": \"Current.Import\", \"phase\": \"L3\", \"location\": null, \"unit\": \"A\"}, {\"value\": \"0.0\", \"context\": \"Sample.Periodic\", \"format\": \"Raw\", \"measurand\": \"Power.Active.Import\", \"phase\": \"L3\", \"location\": null, \"unit\": \"W\"}, {\"value\": \"164852.13\", \"context\": \"Sample.Periodic\", \"format\": \"Raw\", \"measurand\": \"Energy.Active.Import.Register\", \"phase\": null, \"location\": null, \"unit\": \"Wh\"}, {\"value\": \"6.51\", \"context\": \"Sample.Periodic\", \"format\": \"Raw\", \"measurand\": \"Current.Import\", \"phase\": null, \"location\": null, \"unit\": \"A\"}, {\"value\": \"1645.83\", \"context\": \"Sample.Periodic\", \"format\": \"Raw\", \"measurand\": \"Power.Active.Import\", \"phase\": null, \"location\": null, \"unit\": \"W\"}]}], \"transaction_id\": 18}",2023-01-02T17:32:30.792+01:00
43eb2da9-78a5-4218-85a9-d0ba8e4617f2,3,7e8404de-845e-4562-9587-720707e87de8,MeterValues,2023-01-02T17:32:31.792+01:00,{},2023-01-02T17:32:31.792+01:00
e486d50d-baf4-4309-af8c-d54de94d42b1,2,acea7af6-eb97-4158-8549-2edda4aab255,MeterValues,2023-01-02T17:32:39.324+01:00,"{\"connector_id\": 2, \"meter_value\": [{\"timestamp\": \"2023-01-02T16:32:39.324072+00:00\", \"sampled_value\": [{\"value\": \"0.0\", \"context\": \"Sample.Periodic\", \"format\": \"Raw\", \"measurand\": \"Voltage\", \"phase\": \"L1-N\", \"location\": null, \"unit\": \"V\"}, {\"value\": \"7.4\", \"context\": \"Sample.Periodic\", \"format\": \"Raw\", \"measurand\": \"Current.Import\", \"phase\": \"L1\", \"location\": null, \"unit\": \"A\"}, {\"value\": \"1713.14\", \"context\": \"Sample.Periodic\", \"format\": \"Raw\", \"measurand\": \"Power.Active.Import\", \"phase\": \"L1\", \"location\": null, \"unit\": \"W\"}, {\"value\": \"0.0\", \"context\": \"Sample.Periodic\", \"format\": \"Raw\", \"measurand\": \"Voltage\", \"phase\": \"L2-N\", \"location\": null, \"unit\": \"V\"}, {\"value\": \"0.0\", \"context\": \"Sample.Periodic\", \"format\": \"Raw\", \"measurand\": \"Current.Import\", \"phase\": \"L2\", \"location\": null, \"unit\": \"A\"}, {\"value\": \"0.0\", \"context\": \"Sample.Periodic\", \"format\": \"Raw\", \"measurand\": \"Power.Active.Import\", \"phase\": \"L2\", \"location\": null, \"unit\": \"W\"}, {\"value\": \"0.0\", \"context\": \"Sample.Periodic\", \"format\": \"Raw\", \"measurand\": \"Voltage\", \"phase\": \"L3-N\", \"location\": null, \"unit\": \"V\"}, {\"value\": \"0.0\", \"context\": \"Sample.Periodic\", \"format\": \"Raw\", \"measurand\": \"Current.Import\", \"phase\": \"L3\", \"location\": null, \"unit\": \"A\"}, {\"value\": \"0.0\", \"context\": \"Sample.Periodic\", \"format\": \"Raw\", \"measurand\": \"Power.Active.Import\", \"phase\": \"L3\", \"location\": null, \"unit\": \"W\"}, {\"value\": \"153139.62\", \"context\": \"Sample.Periodic\", \"format\": \"Raw\", \"measurand\": \"Energy.Active.Import.Register\", \"phase\": null, \"location\": null, \"unit\": \"Wh\"}, {\"value\": \"7.4\", \"context\": \"Sample.Periodic\", \"format\": \"Raw\", \"measurand\": \"Current.Import\", \"phase\": null, \"location\": null, \"unit\": \"A\"}, {\"value\": \"1713.14\", \"context\": \"Sample.Periodic\", \"format\": \"Raw\", \"measurand\": \"Power.Active.Import\", \"phase\": null, \"location\": null, \"unit\": \"W\"}]}], \"transaction_id\": 19}",2023-01-02T17:32:39.324+01:00
e486d50d-baf4-4309-af8c-d54de94d42b1,3,acea7af6-eb97-4158-8549-2edda4aab255,MeterValues,2023-01-02T17:32:40.324+01:00,{},2023-01-02T17:32:40.324+01:00
9a9da47b-953c-4f86-8496-31cef5eac483,2,c316606a-28b2-4629-ba4b-ef138507aa87,Heartbeat,2023-01-02T17:32:45.000+01:00,{},2023-01-02T17:32:45.000+01:00
9a9da47b-953c-4f86-8496-31cef5eac483,3,c316606a-28b2-4629-ba4b-ef138507aa87,Heartbeat,2023-01-02T17:32:46.000+01:00,"{\\\"current_time\\\": \\\"2023-01-02T16:32:46.000011+00:00\\\"}",2023-01-02T17:32:46.000+01:00
