message_id,message_type,charge_point_id,action,write_timestamp,body,write_timestamp_epoch
8c244105-563a-4a17-8cc2-31a0aadc23c6,2,d85b4397-e44d-4105-bf73-8b7de467763f,Heartbeat,2023-01-01T09:23:29.000+01:00,{},2023-01-01T09:23:29.000+01:00
8c244105-563a-4a17-8cc2-31a0aadc23c6,3,d85b4397-e44d-4105-bf73-8b7de467763f,Heartbeat,2023-01-01T09:23:30.000+01:00,"{\\\"current_time\\\": \\\"2023-01-01T08:23:30.000025+00:00\\\"}",2023-01-01T09:23:30.000+01:00
ed9f178d-b559-4240-beb8-8c849d93de13,2,5d3706d3-5866-4f52-a52c-5efca5fbb312,BootNotification,2023-01-01T09:23:58.000+01:00,"{\"charge_point_model\": \"BB-4\", \"charge_point_vendor\": \"ChargeAwesome LLC\", \"charge_box_serial_number\": null, \"charge_point_serial_number\": \"5d3706d3-5866-4f52-a52c-5efca5fbb312\", \"firmware_version\": null, \"iccid\": null, \"imsi\": null, \"meter_serial_number\": null, \"meter_type\": null}",2023-01-01T09:23:58.000+01:00
ed9f178d-b559-4240-beb8-8c849d93de13,3,5d3706d3-5866-4f52-a52c-5efca5fbb312,BootNotification,2023-01-01T09:23:59.000+01:00,"{\"current_time\": \"2023-01-01T08:23:59.000024+00:00\", \"interval\": 300, \"status\": \"Accepted\"}",2023-01-01T09:23:59.000+01:00
