message_id,message_type,charge_point_id,action,write_timestamp,body,write_timestamp_epoch
0c207a47-f755-4082-97c8-9b538710f428,2,acea7af6-eb97-4158-8549-2edda4aab255,StartTransaction,2023-01-03T17:35:16.212+01:00,"{\"connector_id\": 2, \"id_tag\": \"0a264386-1969-4c54-9720-72e5827068b0\", \"meter_start\": 512275, \"timestamp\": \"2023-01-03T16:35:15.212167+00:00\", \"reservation_id\": null}",2023-01-03T17:35:16.212+01:00
0c207a47-f755-4082-97c8-9b538710f428,3,acea7af6-eb97-4158-8549-2edda4aab255,StartTransaction,2023-01-03T17:35:17.212+01:00,"{\"transaction_id\": 41, \"id_tag_info\": {\"status\": \"Accepted\", \"parent_id_tag\": \"0a264386-1969-4c54-9720-72e5827068b0\", \"expiry_date\": null}}",2023-01-03T17:35:17.212+01:00
ead39d5d-566f-4918-8a26-cadb5da92ea3,2,acea7af6-eb97-4158-8549-2edda4aab255,StatusNotification,2023-01-03T17:35:18.212+01:00,"{\"connector_id\": 2, \"error_code\": \"NoError\", \"status\": \"Preparing\", \"timestamp\": \"2023-01-03T16:35:18.212167+00:00\", \"info\": null, \"vendor_id\": null, \"vendor_error_code\": null}",2023-01-03T17:35:18.212+01:00
ead39d5d-566f-4918-8a26-cadb5da92ea3,3,acea7af6-eb97-4158-8549-2edda4aab255,StatusNotification,2023-01-03T17:35:19.212+01:00,{},2023-01-03T17:35:19.212+01:00
64fe537f-d3ca-4129-8821-8040cf3c02ca,2,acea7af6-eb97-4158-8549-2edda4aab255,StatusNotification,2023-01-03T17:35:19.212+01:00,"{\"connector_id\": 2, \"error_code\": \"NoError\", \"status\": \"Charging\", \"timestamp\": \"2023-01-03T16:35:19.212167+00:00\", \"info\": null, \"vendor_id\": null, \"vendor_error_code\": null}",2023-01-03T17:35:19.212+01:00
64fe537f-d3ca-4129-8821-8040cf3c02ca,3,acea7af6-eb97-4158-8549-2edda4aab255,StatusNotification,2023-01-03T17:35:20.212+01:00,{},2023-01-03T17:35:20.212+01:00
1f04acd1-db27-42aa-ad2b-00613982fe74,2,acea7af6-eb97-4158-8549-2edda4aab255,MeterValues,2023-01-03T17:35:21.212+01:00,"{\"connector_id\": 2, \"meter_value\": [{\"timestamp\": \"2023-01-03T16:35:21.212167+00:00\", \"sampled_value\": [{\"value\": \"0.0\", \"context\": \"Sample.Periodic\", \"format\": \"Raw\", \"measurand\": \"Voltage\", \"phase\": \"L1-N\", \"location\": null, \"unit\": \"V\"}, {\"value\": \"6.64\", \"context\": \"Sample.Periodic\", \"format\": \"Raw\", \"measurand\": \"Current.Import\", \"phase\": \"L1\", \"location\": null, \"unit\": \"A\"}, {\"value\": \"1369.74\", \"context\": \"Sample.Periodic\", \"format\": \"Raw\", \"measurand\": \"Power.Active.Import\", \"phase\": \"L1\", \"location\": null, \"unit\": \"W\"}, {\"value\": \"0.0\", \"context\": \"Sample.Periodic\", \"format\": \"Raw\", \"measurand\": \"Voltage\", \"phase\": \"L2-N\", \"location\": null, \"unit\": \"V\"}, {\"value\": \"0.0\", \"context\": \"Sample.Periodic\", \"format\": \"Raw\", \"measurand\": \"Current.Import\", \"phase\": \"L2\", \"location\": null, \"unit\": \"A\"}, {\"value\": \"0.0\", \"context\": \"Sample.Periodic\", \"format\": \"Raw\", \"measurand\": \"Power.Active.Import\", \"phase\": \"L2\", \"location\": null, \"unit\": \"W\"}, {\"value\": \"0.0\", \"context\": \"Sample.Periodic\", \"format\": \"Raw\", \"measurand\": \"Voltage\", \"phase\": \"L3-N\", \"location\": null, \"unit\": \"V\"}, {\"value\": \"0.0\", \"context\": \"Sample.Periodic\", \"format\": \"Raw\", \"measurand\": \"Current.Import\", \"phase\": \"L3\", \"location\": null, \"unit\": \"A\"}, {\"value\": \"0.0\", \"context\": \"Sample.Periodic\", \"format\": \"Raw\", \"measurand\": \"Power.Active.Import\", \"phase\": \"L3\", \"location\": null, \"unit\": \"W\"}, {\"value\": \"1369.74\", \"context\": \"Sample.Periodic\", \"format\": \"Raw\", \"measurand\": \"Energy.Active.Import.Register\", \"phase\": null, \"location\": null, \"unit\": \"Wh\"}, {\"value\": \"6.64\", \"context\": \"Sample.Periodic\", \"format\": \"Raw\", \"measurand\": \"Current.Import\", \"phase\": null, \"location\": null, \"unit\": \"A\"}, {\"value\": \"1369.74\", \"context\": \"Sample.Periodic\", \"format\": \"Raw\", \"measurand\": \"Power.Active.Import\", \"phase\": null, \"location\": null, \"unit\": \"W\"}]}], \"transaction_id\": 41}",2023-01-03T17:35:21.212+01:00
1f04acd1-db27-42aa-ad2b-00613982fe74,3,acea7af6-eb97-4158-8549-2edda4aab255,MeterValues,2023-01-03T17:35:22.212+01:00,{},2023-01-03T17:35:22.212+01:00
d16d8490-477d-4249-9db3-30c614887eb5,2,d85b4397-e44d-4105-bf73-8b7de467763f,MeterValues,2023-01-03T17:35:33.093+01:00,"{\"connector_id\": 2, \"meter_value\": [{\"timestamp\": \"2023-01-03T16:35:33.093160+00:00\", \"sampled_value\": [{\"value\": \"0.0\", \"context\": \"Sample.Periodic\", \"format\": \"Raw\", \"measurand\": \"Voltage\", \"phase\": \"L1-N\", \"location\": null, \"unit\": \"V\"}, {\"value\": \"4.72\", \"context\": \"Sample.Periodic\", \"format\": \"Raw\", \"measurand\": \"Current.Import\", \"phase\": \"L1\", \"location\": null, \"unit\": \"A\"}, {\"value\": \"1524.28\", \"context\": \"Sample.Periodic\", \"format\": \"Raw\", \"measurand\": \"Power.Active.Import\", \"phase\": \"L1\", \"location\": null, \"unit\": \"W\"}, {\"value\": \"0.0\", \"context\": \"Sample.Periodic\", \"format\": \"Raw\", \"measurand\": \"Voltage\", \"phase\": \"L2-N\", \"location\": null, \"unit\": \"V\"}, {\"value\": \"0.0\", \"context\": \"Sample.Periodic\", \"format\": \"Raw\", \"measurand\": \"Current.Import\", \"phase\": \"L2\", \"location\": null, \"unit\": \"A\"}, {\"value\": \"0.0\", \"context\": \"Sample.Periodic\", \"format\": \"Raw\", \"measurand\": \"Power.Active.Import\", \"phase\": \"L2\", \"location\": null, \"unit\": \"W\"}, {\"value\": \"0.0\", \"context\": \"Sample.Periodic\", \"format\": \"Raw\", \"measurand\": \"Voltage\", \"phase\": \"L3-N\", \"location\": null, \"unit\": \"V\"}, {\"value\": \"0.0\", \"context\": \"Sample.Periodic\", \"format\": \"Raw\", \"measurand\": \"Current.Import\", \"phase\": \"L3\", \"location\": null, \"unit\": \"A\"}, {\"value\": \"0.0\", \"context\": \"Sample.Periodic\", \"format\": \"Raw\", \"measurand\": \"Power.Active.Import\", \"phase\": \"L3\", \"location\": null, \"unit\": \"W\"}, {\"value\": \"48498.43000000001\", \"context\": \"Sample.Periodic\", \"format\": \"Raw\", \"measurand\": \"Energy.Active.Import.Register\", \"phase\": null, \"location\": null, \"unit\": \"Wh\"}, {\"value\": \"4.72\", \"context\": \"Sample.Periodic\", \"format\": \"Raw\", \"measurand\": \"Current.Import\", \"phase\": null, \"location\": null, \"unit\": \"A\"}, {\"value\": \"1524.28\", \"context\": \"Sample.Periodic\", \"format\": \"Raw\", \"measurand\": \"Power.Active.Import\", \"phase\": null, \"location\": null, \"unit\": \"W\"}]}], \"transaction_id\": 39}",2023-01-03T17:35:33.093+01:00
d16d8490-477d-4249-9db3-30c614887eb5,3,d85b4397-e44d-4105-bf73-8b7de467763f,MeterValues,2023-01-03T17:35:34.093+01:00,{},2023-01-03T17:35:34.093+01:00
