message_id,message_type,charge_point_id,action,write_timestamp,body,write_timestamp_epoch
71d9f13a-5b1f-477f-969e-f1e893f49b81,2,b3dbcb91-72ab-42b7-8399-90f540ee38d9,StatusNotification,2023-01-03T13:24:03.528+01:00,"{\"connector_id\": 2, \"error_code\": \"NoError\", \"status\": \"Charging\", \"timestamp\": \"2023-01-03T12:24:03.528683+00:00\", \"info\": null, \"vendor_id\": null, \"vendor_error_code\": null}",2023-01-03T13:24:03.528+01:00
71d9f13a-5b1f-477f-969e-f1e893f49b81,3,b3dbcb91-72ab-42b7-8399-90f540ee38d9,StatusNotification,2023-01-03T13:24:04.528+01:00,{},2023-01-03T13:24:04.528+01:00
d0e46394-6804-48e9-b65a-39dfbe28835e,2,acea7af6-eb97-4158-8549-2edda4aab255,Heartbeat,2023-01-03T13:24:11.000+01:00,{},2023-01-03T13:24:11.000+01:00
d0e46394-6804-48e9-b65a-39dfbe28835e,3,acea7af6-eb97-4158-8549-2edda4aab255,Heartbeat,2023-01-03T13:24:12.000+01:00,"{\\\"current_time\\\": \\\"2023-01-03T12:24:12.000055+00:00\\\"}",2023-01-03T13:24:12.000+01:00
91dbbbd5-ff09-4357-b5d5-55607112acac,2,c316606a-28b2-4629-ba4b-ef138507aa87,MeterValues,2023-01-03T13:24:26.513+01:00,"{\"connector_id\": 2, \"meter_value\": [{\"timestamp\": \"2023-01-03T12:24:26.513033+00:00\", \"sampled_value\": [{\"value\": \"0.0\", \"context\": \"Sample.Periodic\", \"format\": \"Raw\", \"measurand\": \"Voltage\", \"phase\": \"L1-N\", \"location\": null, \"unit\": \"V\"}, {\"value\": \"5.96\", \"context\": \"Sample.Periodic\", \"format\": \"Raw\", \"measurand\": \"Current.Import\", \"phase\": \"L1\", \"location\": null, \"unit\": \"A\"}, {\"value\": \"1543.47\", \"context\": \"Sample.Periodic\", \"format\": \"Raw\", \"measurand\": \"Power.Active.Import\", \"phase\": \"L1\", \"location\": null, \"unit\": \"W\"}, {\"value\": \"0.0\", \"context\": \"Sample.Periodic\", \"format\": \"Raw\", \"measurand\": \"Voltage\", \"phase\": \"L2-N\", \"location\": null, \"unit\": \"V\"}, {\"value\": \"0.0\", \"context\": \"Sample.Periodic\", \"format\": \"Raw\", \"measurand\": \"Current.Import\", \"phase\": \"L2\", \"location\": null, \"unit\": \"A\"}, {\"value\": \"0.0\", \"context\": \"Sample.Periodic\", \"format\": \"Raw\", \"measurand\": \"Power.Active.Import\", \"phase\": \"L2\", \"location\": null, \"unit\": \"W\"}, {\"value\": \"0.0\", \"context\": \"Sample.Periodic\", \"format\": \"Raw\", \"measurand\": \"Voltage\", \"phase\": \"L3-N\", \"location\": null, \"unit\": \"V\"}, {\"value\": \"0.0\", \"context\": \"Sample.Periodic\", \"format\": \"Raw\", \"measurand\": \"Current.Import\", \"phase\": \"L3\", \"location\": null, \"unit\": \"A\"}, {\"value\": \"0.0\", \"context\": \"Sample.Periodic\", \"format\": \"Raw\", \"measurand\": \"Power.Active.Import\", \"phase\": \"L3\", \"location\": null, \"unit\": \"W\"}, {\"value\": \"91465.40000000001\", \"context\": \"Sample.Periodic\", \"format\": \"Raw\", \"measurand\": \"Energy.Active.Import.Register\", \"phase\": null, \"location\": null, \"unit\": \"Wh\"}, {\"value\": \"5.96\", \"context\": \"Sample.Periodic\", \"format\": \"Raw\", \"measurand\": \"Current.Import\", \"phase\": null, \"location\": null, \"unit\": \"A\"}, {\"value\": \"1543.47\", \"context\": \"Sample.Periodic\", \"format\": \"Raw\", \"measurand\": \"Power.Active.Import\", \"phase\": null, \"location\": null, \"unit\": \"W\"}]}], \"transaction_id\": 35}",2023-01-03T13:24:26.513+01:00
91dbbbd5-ff09-4357-b5d5-55607112acac,3,c316606a-28b2-4629-ba4b-ef138507aa87,MeterValues,2023-01-03T13:24:27.513+01:00,{},2023-01-03T13:24:27.513+01:00
4477bc20-84d2-428b-9987-b91e3d2f63bc,2,8b44acb7-8a2a-4741-915e-3a1cce498ced,Heartbeat,2023-01-03T13:24:45.000+01:00,{},2023-01-03T13:24:45.000+01:00
4477bc20-84d2-428b-9987-b91e3d2f63bc,3,8b44acb7-8a2a-4741-915e-3a1cce498ced,Heartbeat,2023-01-03T13:24:46.000+01:00,"{\\\"current_time\\\": \\\"2023-01-03T12:24:46+00:00\\\"}",2023-01-03T13:24:46.000+01:00
cd1a36b8-c2c2-435d-9fef-090156486cea,2,94073806-8222-430e-8ca4-fab78b58fb67,Heartbeat,2023-01-03T13:24:50.000+01:00,{},2023-01-03T13:24:50.000+01:00
cd1a36b8-c2c2-435d-9fef-090156486cea,3,94073806-8222-430e-8ca4-fab78b58fb67,Heartbeat,2023-01-03T13:24:51.000+01:00,"{\\\"current_time\\\": \\\"2023-01-03T12:24:51.000059+00:00\\\"}",2023-01-03T13:24:51.000+01:00
fb6e2062-85df-48f1-840a-8b88c05f5f6c,2,5d3706d3-5866-4f52-a52c-5efca5fbb312,Heartbeat,2023-01-03T13:24:58.000+01:00,{},2023-01-03T13:24:58.000+01:00
fb6e2062-85df-48f1-840a-8b88c05f5f6c,3,5d3706d3-5866-4f52-a52c-5efca5fbb312,Heartbeat,2023-01-03T13:24:59.000+01:00,"{\\\"current_time\\\": \\\"2023-01-03T12:24:59.000024+00:00\\\"}",2023-01-03T13:24:59.000+01:00
