message_id,message_type,charge_point_id,action,write_timestamp,body,write_timestamp_epoch
641d678a-f5ef-4041-ab18-5fc332137f6d,2,acea7af6-eb97-4158-8549-2edda4aab255,StatusNotification,2023-01-05T05:26:11.436+01:00,"{\"connector_id\": 2, \"error_code\": \"NoError\", \"status\": \"SuspendedEV\", \"timestamp\": \"2023-01-05T04:26:11.436804+00:00\", \"info\": null, \"vendor_id\": null, \"vendor_error_code\": null}",2023-01-05T05:26:11.436+01:00
641d678a-f5ef-4041-ab18-5fc332137f6d,3,acea7af6-eb97-4158-8549-2edda4aab255,StatusNotification,2023-01-05T05:26:12.436+01:00,{},2023-01-05T05:26:12.436+01:00
0f7a653c-c300-4866-8695-d7806aab6c7e,2,cb5e3f9c-1cd2-4c9e-9c18-09fbba6b5300,MeterValues,2023-01-05T05:26:23.202+01:00,"{\"connector_id\": 2, \"meter_value\": [{\"timestamp\": \"2023-01-05T04:26:23.202493+00:00\", \"sampled_value\": [{\"value\": \"0.0\", \"context\": \"Sample.Periodic\", \"format\": \"Raw\", \"measurand\": \"Voltage\", \"phase\": \"L1-N\", \"location\": null, \"unit\": \"V\"}, {\"value\": \"5.92\", \"context\": \"Sample.Periodic\", \"format\": \"Raw\", \"measurand\": \"Current.Import\", \"phase\": \"L1\", \"location\": null, \"unit\": \"A\"}, {\"value\": \"1546.65\", \"context\": \"Sample.Periodic\", \"format\": \"Raw\", \"measurand\": \"Power.Active.Import\", \"phase\": \"L1\", \"location\": null, \"unit\": \"W\"}, {\"value\": \"0.0\", \"context\": \"Sample.Periodic\", \"format\": \"Raw\", \"measurand\": \"Voltage\", \"phase\": \"L2-N\", \"location\": null, \"unit\": \"V\"}, {\"value\": \"0.0\", \"context\": \"Sample.Periodic\", \"format\": \"Raw\", \"measurand\": \"Current.Import\", \"phase\": \"L2\", \"location\": null, \"unit\": \"A\"}, {\"value\": \"0.0\", \"context\": \"Sample.Periodic\", \"format\": \"Raw\", \"measurand\": \"Power.Active.Import\", \"phase\": \"L2\", \"location\": null, \"unit\": \"W\"}, {\"value\": \"0.0\", \"context\": \"Sample.Periodic\", \"format\": \"Raw\", \"measurand\": \"Voltage\", \"phase\": \"L3-N\", \"location\": null, \"unit\": \"V\"}, {\"value\": \"0.0\", \"context\": \"Sample.Periodic\", \"format\": \"Raw\", \"measurand\": \"Current.Import\", \"phase\": \"L3\", \"location\": null, \"unit\": \"A\"}, {\"value\": \"0.0\", \"context\": \"Sample.Periodic\", \"format\": \"Raw\", \"measurand\": \"Power.Active.Import\", \"phase\": \"L3\", \"location\": null, \"unit\": \"W\"}, {\"value\": \"185354.33\", \"context\": \"Sample.Periodic\", \"format\": \"Raw\", \"measurand\": \"Energy.Active.Import.Register\", \"phase\": null, \"location\": null, \"unit\": \"Wh\"}, {\"value\": \"5.92\", \"context\": \"Sample.Periodic\", \"format\": \"Raw\", \"measurand\": \"Current.Import\", \"phase\": null, \"location\": null, \"unit\": \"A\"}, {\"value\": \"1546.65\", \"context\": \"Sample.Periodic\", \"format\": \"Raw\", \"measurand\": \"Power.Active.Import\", \"phase\": null, \"location\": null, \"unit\": \"W\"}]}], \"transaction_id\": 60}",2023-01-05T05:26:23.202+01:00
e465b541-5264-448e-bd39-13fcd92b4f9a,2,b3dbcb91-72ab-42b7-8399-90f540ee38d9,Heartbeat,2023-01-05T05:26:24.000+01:00,{},2023-01-05T05:26:24.000+01:00
0f7a653c-c300-4866-8695-d7806aab6c7e,3,cb5e3f9c-1cd2-4c9e-9c18-09fbba6b5300,MeterValues,2023-01-05T05:26:24.202+01:00,{},2023-01-05T05:26:24.202+01:00
e465b541-5264-448e-bd39-13fcd92b4f9a,3,b3dbcb91-72ab-42b7-8399-90f540ee38d9,Heartbeat,2023-01-05T05:26:25.000+01:00,"{\\\"current_time\\\": \\\"2023-01-05T04:26:25.000015+00:00\\\"}",2023-01-05T05:26:25.000+01:00
0f597197-5d57-4480-abdf-790808f9a9ee,2,7e8404de-845e-4562-9587-720707e87de8,Heartbeat,2023-01-05T05:26:34.000+01:00,{},2023-01-05T05:26:34.000+01:00
0f597197-5d57-4480-abdf-790808f9a9ee,3,7e8404de-845e-4562-9587-720707e87de8,Heartbeat,2023-01-05T05:26:35.000+01:00,"{\\\"current_time\\\": \\\"2023-01-05T04:26:35.000026+00:00\\\"}",2023-01-05T05:26:35.000+01:00
6f3a6a2b-4a8a-4b64-8556-766a14c73d3c,2,cb5e3f9c-1cd2-4c9e-9c18-09fbba6b5300,Heartbeat,2023-01-05T05:26:51.000+01:00,{},2023-01-05T05:26:51.000+01:00
6f3a6a2b-4a8a-4b64-8556-766a14c73d3c,3,cb5e3f9c-1cd2-4c9e-9c18-09fbba6b5300,Heartbeat,2023-01-05T05:26:52.000+01:00,"{\\\"current_time\\\": \\\"2023-01-05T04:26:52.000029+00:00\\\"}",2023-01-05T05:26:52.000+01:00
