message_id,message_type,charge_point_id,action,write_timestamp,body,write_timestamp_epoch
d0e46394-6804-48e9-b65a-39dfbe28835e,2,acea7af6-eb97-4158-8549-2edda4aab255,Heartbeat,2023-01-05T16:39:11.000+01:00,{},2023-01-05T16:39:11.000+01:00
d0e46394-6804-48e9-b65a-39dfbe28835e,3,acea7af6-eb97-4158-8549-2edda4aab255,Heartbeat,2023-01-05T16:39:12.000+01:00,"{\\\"current_time\\\": \\\"2023-01-05T15:39:12.000055+00:00\\\"}",2023-01-05T16:39:12.000+01:00
035fb44d-a91d-4914-96af-25d68f1606cd,2,acea7af6-eb97-4158-8549-2edda4aab255,MeterValues,2023-01-05T16:39:17.092+01:00,"{\"connector_id\": 3, \"meter_value\": [{\"timestamp\": \"2023-01-05T15:39:17.092305+00:00\", \"sampled_value\": [{\"value\": \"0.0\", \"context\": \"Sample.Periodic\", \"format\": \"Raw\", \"measurand\": \"Voltage\", \"phase\": \"L1-N\", \"location\": null, \"unit\": \"V\"}, {\"value\": \"6.98\", \"context\": \"Sample.Periodic\", \"format\": \"Raw\", \"measurand\": \"Current.Import\", \"phase\": \"L1\", \"location\": null, \"unit\": \"A\"}, {\"value\": \"1651.25\", \"context\": \"Sample.Periodic\", \"format\": \"Raw\", \"measurand\": \"Power.Active.Import\", \"phase\": \"L1\", \"location\": null, \"unit\": \"W\"}, {\"value\": \"0.0\", \"context\": \"Sample.Periodic\", \"format\": \"Raw\", \"measurand\": \"Voltage\", \"phase\": \"L2-N\", \"location\": null, \"unit\": \"V\"}, {\"value\": \"0.0\", \"context\": \"Sample.Periodic\", \"format\": \"Raw\", \"measurand\": \"Current.Import\", \"phase\": \"L2\", \"location\": null, \"unit\": \"A\"}, {\"value\": \"0.0\", \"context\": \"Sample.Periodic\", \"format\": \"Raw\", \"measurand\": \"Power.Active.Import\", \"phase\": \"L2\", \"location\": null, \"unit\": \"W\"}, {\"value\": \"0.0\", \"context\": \"Sample.Periodic\", \"format\": \"Raw\", \"measurand\": \"Voltage\", \"phase\": \"L3-N\", \"location\": null, \"unit\": \"V\"}, {\"value\": \"0.0\", \"context\": \"Sample.Periodic\", \"format\": \"Raw\", \"measurand\": \"Current.Import\", \"phase\": \"L3\", \"location\": null, \"unit\": \"A\"}, {\"value\": \"0.0\", \"context\": \"Sample.Periodic\", \"format\": \"Raw\", \"measurand\": \"Power.Active.Import\", \"phase\": \"L3\", \"location\": null, \"unit\": \"W\"}, {\"value\": \"9888.55\", \"context\": \"Sample.Periodic\", \"format\": \"Raw\", \"measurand\": \"Energy.Active.Import.Register\", \"phase\": null, \"location\": null, \"unit\": \"Wh\"}, {\"value\": \"6.98\", \"context\": \"Sample.Periodic\", \"format\": \"Raw\", \"measurand\": \"Current.Import\", \"phase\": null, \"location\": null, \"unit\": \"A\"}, {\"value\": \"1651.25\", \"context\": \"Sample.Periodic\", \"format\": \"Raw\", \"measurand\": \"Power.Active.Import\", \"phase\": null, \"location\": null, \"unit\": \"W\"}]}], \"transaction_id\": 77}",2023-01-05T16:39:17.092+01:00
035fb44d-a91d-4914-96af-25d68f1606cd,3,acea7af6-eb97-4158-8549-2edda4aab255,MeterValues,2023-01-05T16:39:18.092+01:00,{},2023-01-05T16:39:18.092+01:00
556930de-f6fe-4f7b-a66a-7347b06f92ce,2,c316606a-28b2-4629-ba4b-ef138507aa87,MeterValues,2023-01-05T16:39:39.326+01:00,"{\"connector_id\": 3, \"meter_value\": [{\"timestamp\": \"2023-01-05T15:39:39.326393+00:00\", \"sampled_value\": [{\"value\": \"0.0\", \"context\": \"Sample.Periodic\", \"format\": \"Raw\", \"measurand\": \"Voltage\", \"phase\": \"L1-N\", \"location\": null, \"unit\": \"V\"}, {\"value\": \"7.11\", \"context\": \"Sample.Periodic\", \"format\": \"Raw\", \"measurand\": \"Current.Import\", \"phase\": \"L1\", \"location\": null, \"unit\": \"A\"}, {\"value\": \"1339.01\", \"context\": \"Sample.Periodic\", \"format\": \"Raw\", \"measurand\": \"Power.Active.Import\", \"phase\": \"L1\", \"location\": null, \"unit\": \"W\"}, {\"value\": \"0.0\", \"context\": \"Sample.Periodic\", \"format\": \"Raw\", \"measurand\": \"Voltage\", \"phase\": \"L2-N\", \"location\": null, \"unit\": \"V\"}, {\"value\": \"0.0\", \"context\": \"Sample.Periodic\", \"format\": \"Raw\", \"measurand\": \"Current.Import\", \"phase\": \"L2\", \"location\": null, \"unit\": \"A\"}, {\"value\": \"0.0\", \"context\": \"Sample.Periodic\", \"format\": \"Raw\", \"measurand\": \"Power.Active.Import\", \"phase\": \"L2\", \"location\": null, \"unit\": \"W\"}, {\"value\": \"0.0\", \"context\": \"Sample.Periodic\", \"format\": \"Raw\", \"measurand\": \"Voltage\", \"phase\": \"L3-N\", \"location\": null, \"unit\": \"V\"}, {\"value\": \"0.0\", \"context\": \"Sample.Periodic\", \"format\": \"Raw\", \"measurand\": \"Current.Import\", \"phase\": \"L3\", \"location\": null, \"unit\": \"A\"}, {\"value\": \"0.0\", \"context\": \"Sample.Periodic\", \"format\": \"Raw\", \"measurand\": \"Power.Active.Import\", \"phase\": \"L3\", \"location\": null, \"unit\": \"W\"}, {\"value\": \"14860.29\", \"context\": \"Sample.Periodic\", \"format\": \"Raw\", \"measurand\": \"Energy.Active.Import.Register\", \"phase\": null, \"location\": null, \"unit\": \"Wh\"}, {\"value\": \"7.11\", \"context\": \"Sample.Periodic\", \"format\": \"Raw\", \"measurand\": \"Current.Import\", \"phase\": null, \"location\": null, \"unit\": \"A\"}, {\"value\": \"1339.01\", \"context\": \"Sample.Periodic\", \"format\": \"Raw\", \"measurand\": \"Power.Active.Import\", \"phase\": null, \"location\": null, \"unit\": \"W\"}]}], \"transaction_id\": 76}",2023-01-05T16:39:39.326+01:00
556930de-f6fe-4f7b-a66a-7347b06f92ce,3,c316606a-28b2-4629-ba4b-ef138507aa87,MeterValues,2023-01-05T16:39:40.326+01:00,{},2023-01-05T16:39:40.326+01:00
4477bc20-84d2-428b-9987-b91e3d2f63bc,2,8b44acb7-8a2a-4741-915e-3a1cce498ced,Heartbeat,2023-01-05T16:39:45.000+01:00,{},2023-01-05T16:39:45.000+01:00
4477bc20-84d2-428b-9987-b91e3d2f63bc,3,8b44acb7-8a2a-4741-915e-3a1cce498ced,Heartbeat,2023-01-05T16:39:46.000+01:00,"{\\\"current_time\\\": \\\"2023-01-05T15:39:46+00:00\\\"}",2023-01-05T16:39:46.000+01:00
cd1a36b8-c2c2-435d-9fef-090156486cea,2,94073806-8222-430e-8ca4-fab78b58fb67,Heartbeat,2023-01-05T16:39:50.000+01:00,{},2023-01-05T16:39:50.000+01:00
cd1a36b8-c2c2-435d-9fef-090156486cea,3,94073806-8222-430e-8ca4-fab78b58fb67,Heartbeat,2023-01-05T16:39:51.000+01:00,"{\\\"current_time\\\": \\\"2023-01-05T15:39:51.000059+00:00\\\"}",2023-01-05T16:39:51.000+01:00
fb6e2062-85df-48f1-840a-8b88c05f5f6c,2,5d3706d3-5866-4f52-a52c-5efca5fbb312,Heartbeat,2023-01-05T16:39:58.000+01:00,{},2023-01-05T16:39:58.000+01:00
fb6e2062-85df-48f1-840a-8b88c05f5f6c,3,5d3706d3-5866-4f52-a52c-5efca5fbb312,Heartbeat,2023-01-05T16:39:59.000+01:00,"{\\\"current_time\\\": \\\"2023-01-05T15:39:59.000024+00:00\\\"}",2023-01-05T16:39:59.000+01:00
