message_id,message_type,charge_point_id,action,write_timestamp,body,write_timestamp_epoch
e5800cff-454e-4538-bdfc-f9efa565ecf8,2,5d3706d3-5866-4f52-a52c-5efca5fbb312,StartTransaction,2023-01-03T11:32:11.501+01:00,"{\"connector_id\": 2, \"id_tag\": \"a2318880-7865-4baa-8841-f961064921c4\", \"meter_start\": 338912, \"timestamp\": \"2023-01-03T10:32:10.501273+00:00\", \"reservation_id\": null}",2023-01-03T11:32:11.501+01:00
e5800cff-454e-4538-bdfc-f9efa565ecf8,3,5d3706d3-5866-4f52-a52c-5efca5fbb312,StartTransaction,2023-01-03T11:32:12.501+01:00,"{\"transaction_id\": 38, \"id_tag_info\": {\"status\": \"Accepted\", \"parent_id_tag\": \"a2318880-7865-4baa-8841-f961064921c4\", \"expiry_date\": null}}",2023-01-03T11:32:12.501+01:00
2367dd10-251d-4fae-82c3-15c90952dfd4,2,5d3706d3-5866-4f52-a52c-5efca5fbb312,StatusNotification,2023-01-03T11:32:13.501+01:00,"{\"connector_id\": 2, \"error_code\": \"NoError\", \"status\": \"Preparing\", \"timestamp\": \"2023-01-03T10:32:13.501273+00:00\", \"info\": null, \"vendor_id\": null, \"vendor_error_code\": null}",2023-01-03T11:32:13.501+01:00
2367dd10-251d-4fae-82c3-15c90952dfd4,3,5d3706d3-5866-4f52-a52c-5efca5fbb312,StatusNotification,2023-01-03T11:32:14.501+01:00,{},2023-01-03T11:32:14.501+01:00
3686ff5f-07b8-4d8b-aab3-c4a2664aedd8,2,5d3706d3-5866-4f52-a52c-5efca5fbb312,StatusNotification,2023-01-03T11:32:14.501+01:00,"{\"connector_id\": 2, \"error_code\": \"NoError\", \"status\": \"Charging\", \"timestamp\": \"2023-01-03T10:32:14.501273+00:00\", \"info\": null, \"vendor_id\": null, \"vendor_error_code\": null}",2023-01-03T11:32:14.501+01:00
3686ff5f-07b8-4d8b-aab3-c4a2664aedd8,3,5d3706d3-5866-4f52-a52c-5efca5fbb312,StatusNotification,2023-01-03T11:32:15.501+01:00,{},2023-01-03T11:32:15.501+01:00
90f7fbed-d9c6-4127-8b76-4695272a472e,2,5d3706d3-5866-4f52-a52c-5efca5fbb312,MeterValues,2023-01-03T11:32:16.501+01:00,"{\"connector_id\": 2, \"meter_value\": [{\"timestamp\": \"2023-01-03T10:32:16.501273+00:00\", \"sampled_value\": [{\"value\": \"0.0\", \"context\": \"Sample.Periodic\", \"format\": \"Raw\", \"measurand\": \"Voltage\", \"phase\": \"L1-N\", \"location\": null, \"unit\": \"V\"}, {\"value\": \"6.45\", \"context\": \"Sample.Periodic\", \"format\": \"Raw\", \"measurand\": \"Current.Import\", \"phase\": \"L1\", \"location\": null, \"unit\": \"A\"}, {\"value\": \"1607.64\", \"context\": \"Sample.Periodic\", \"format\": \"Raw\", \"measurand\": \"Power.Active.Import\", \"phase\": \"L1\", \"location\": null, \"unit\": \"W\"}, {\"value\": \"0.0\", \"context\": \"Sample.Periodic\", \"format\": \"Raw\", \"measurand\": \"Voltage\", \"phase\": \"L2-N\", \"location\": null, \"unit\": \"V\"}, {\"value\": \"0.0\", \"context\": \"Sample.Periodic\", \"format\": \"Raw\", \"measurand\": \"Current.Import\", \"phase\": \"L2\", \"location\": null, \"unit\": \"A\"}, {\"value\": \"0.0\", \"context\": \"Sample.Periodic\", \"format\": \"Raw\", \"measurand\": \"Power.Active.Import\", \"phase\": \"L2\", \"location\": null, \"unit\": \"W\"}, {\"value\": \"0.0\", \"context\": \"Sample.Periodic\", \"format\": \"Raw\", \"measurand\": \"Voltage\", \"phase\": \"L3-N\", \"location\": null, \"unit\": \"V\"}, {\"value\": \"0.0\", \"context\": \"Sample.Periodic\", \"format\": \"Raw\", \"measurand\": \"Current.Import\", \"phase\": \"L3\", \"location\": null, \"unit\": \"A\"}, {\"value\": \"0.0\", \"context\": \"Sample.Periodic\", \"format\": \"Raw\", \"measurand\": \"Power.Active.Import\", \"phase\": \"L3\", \"location\": null, \"unit\": \"W\"}, {\"value\": \"1607.64\", \"context\": \"Sample.Periodic\", \"format\": \"Raw\", \"measurand\": \"Energy.Active.Import.Register\", \"phase\": null, \"location\": null, \"unit\": \"Wh\"}, {\"value\": \"6.45\", \"context\": \"Sample.Periodic\", \"format\": \"Raw\", \"measurand\": \"Current.Import\", \"phase\": null, \"location\": null, \"unit\": \"A\"}, {\"value\": \"1607.64\", \"context\": \"Sample.Periodic\", \"format\": \"Raw\", \"measurand\": \"Power.Active.Import\", \"phase\": null, \"location\": null, \"unit\": \"W\"}]}], \"transaction_id\": 38}",2023-01-03T11:32:16.501+01:00
90f7fbed-d9c6-4127-8b76-4695272a472e,3,5d3706d3-5866-4f52-a52c-5efca5fbb312,MeterValues,2023-01-03T11:32:17.501+01:00,{},2023-01-03T11:32:17.501+01:00
dc7454ff-eb47-4622-8e9e-ad46680a30f2,2,acea7af6-eb97-4158-8549-2edda4aab255,MeterValues,2023-01-03T11:32:21.919+01:00,"{\"connector_id\": 2, \"meter_value\": [{\"timestamp\": \"2023-01-03T10:32:21.919295+00:00\", \"sampled_value\": [{\"value\": \"0.0\", \"context\": \"Sample.Periodic\", \"format\": \"Raw\", \"measurand\": \"Voltage\", \"phase\": \"L1-N\", \"location\": null, \"unit\": \"V\"}, {\"value\": \"0.0\", \"context\": \"Sample.Periodic\", \"format\": \"Raw\", \"measurand\": \"Current.Import\", \"phase\": \"L1\", \"location\": null, \"unit\": \"A\"}, {\"value\": \"0.0\", \"context\": \"Sample.Periodic\", \"format\": \"Raw\", \"measurand\": \"Power.Active.Import\", \"phase\": \"L1\", \"location\": null, \"unit\": \"W\"}, {\"value\": \"0.0\", \"context\": \"Sample.Periodic\", \"format\": \"Raw\", \"measurand\": \"Voltage\", \"phase\": \"L2-N\", \"location\": null, \"unit\": \"V\"}, {\"value\": \"0.0\", \"context\": \"Sample.Periodic\", \"format\": \"Raw\", \"measurand\": \"Current.Import\", \"phase\": \"L2\", \"location\": null, \"unit\": \"A\"}, {\"value\": \"0.0\", \"context\": \"Sample.Periodic\", \"format\": \"Raw\", \"measurand\": \"Power.Active.Import\", \"phase\": \"L2\", \"location\": null, \"unit\": \"W\"}, {\"value\": \"0.0\", \"context\": \"Sample.Periodic\", \"format\": \"Raw\", \"measurand\": \"Voltage\", \"phase\": \"L3-N\", \"location\": null, \"unit\": \"V\"}, {\"value\": \"0.0\", \"context\": \"Sample.Periodic\", \"format\": \"Raw\", \"measurand\": \"Current.Import\", \"phase\": \"L3\", \"location\": null, \"unit\": \"A\"}, {\"value\": \"0.0\", \"context\": \"Sample.Periodic\", \"format\": \"Raw\", \"measurand\": \"Power.Active.Import\", \"phase\": \"L3\", \"location\": null, \"unit\": \"W\"}, {\"value\": \"129362.51\", \"context\": \"Sample.Periodic\", \"format\": \"Raw\", \"measurand\": \"Energy.Active.Import.Register\", \"phase\": null, \"location\": null, \"unit\": \"Wh\"}, {\"value\": \"0.0\", \"context\": \"Sample.Periodic\", \"format\": \"Raw\", \"measurand\": \"Current.Import\", \"phase\": null, \"location\": null, \"unit\": \"A\"}, {\"value\": \"0.0\", \"context\": \"Sample.Periodic\", \"format\": \"Raw\", \"measurand\": \"Power.Active.Import\", \"phase\": null, \"location\": null, \"unit\": \"W\"}]}], \"transaction_id\": 31}",2023-01-03T11:32:21.919+01:00
dc7454ff-eb47-4622-8e9e-ad46680a30f2,3,acea7af6-eb97-4158-8549-2edda4aab255,MeterValues,2023-01-03T11:32:22.919+01:00,{},2023-01-03T11:32:22.919+01:00
9a9da47b-953c-4f86-8496-31cef5eac483,2,c316606a-28b2-4629-ba4b-ef138507aa87,Heartbeat,2023-01-03T11:32:45.000+01:00,{},2023-01-03T11:32:45.000+01:00
9a9da47b-953c-4f86-8496-31cef5eac483,3,c316606a-28b2-4629-ba4b-ef138507aa87,Heartbeat,2023-01-03T11:32:46.000+01:00,"{\\\"current_time\\\": \\\"2023-01-03T10:32:46.000011+00:00\\\"}",2023-01-03T11:32:46.000+01:00
d1fca529-cf84-4bd3-b06b-2bc5d9bd572a,2,7e8404de-845e-4562-9587-720707e87de8,MeterValues,2023-01-03T11:32:50.526+01:00,"{\"connector_id\": 3, \"meter_value\": [{\"timestamp\": \"2023-01-03T10:32:50.526823+00:00\", \"sampled_value\": [{\"value\": \"0.0\", \"context\": \"Sample.Periodic\", \"format\": \"Raw\", \"measurand\": \"Voltage\", \"phase\": \"L1-N\", \"location\": null, \"unit\": \"V\"}, {\"value\": \"7.13\", \"context\": \"Sample.Periodic\", \"format\": \"Raw\", \"measurand\": \"Current.Import\", \"phase\": \"L1\", \"location\": null, \"unit\": \"A\"}, {\"value\": \"1443.9\", \"context\": \"Sample.Periodic\", \"format\": \"Raw\", \"measurand\": \"Power.Active.Import\", \"phase\": \"L1\", \"location\": null, \"unit\": \"W\"}, {\"value\": \"0.0\", \"context\": \"Sample.Periodic\", \"format\": \"Raw\", \"measurand\": \"Voltage\", \"phase\": \"L2-N\", \"location\": null, \"unit\": \"V\"}, {\"value\": \"0.0\", \"context\": \"Sample.Periodic\", \"format\": \"Raw\", \"measurand\": \"Current.Import\", \"phase\": \"L2\", \"location\": null, \"unit\": \"A\"}, {\"value\": \"0.0\", \"context\": \"Sample.Periodic\", \"format\": \"Raw\", \"measurand\": \"Power.Active.Import\", \"phase\": \"L2\", \"location\": null, \"unit\": \"W\"}, {\"value\": \"0.0\", \"context\": \"Sample.Periodic\", \"format\": \"Raw\", \"measurand\": \"Voltage\", \"phase\": \"L3-N\", \"location\": null, \"unit\": \"V\"}, {\"value\": \"0.0\", \"context\": \"Sample.Periodic\", \"format\": \"Raw\", \"measurand\": \"Current.Import\", \"phase\": \"L3\", \"location\": null, \"unit\": \"A\"}, {\"value\": \"0.0\", \"context\": \"Sample.Periodic\", \"format\": \"Raw\", \"measurand\": \"Power.Active.Import\", \"phase\": \"L3\", \"location\": null, \"unit\": \"W\"}, {\"value\": \"32990.82\", \"context\": \"Sample.Periodic\", \"format\": \"Raw\", \"measurand\": \"Energy.Active.Import.Register\", \"phase\": null, \"location\": null, \"unit\": \"Wh\"}, {\"value\": \"7.13\", \"context\": \"Sample.Periodic\", \"format\": \"Raw\", \"measurand\": \"Current.Import\", \"phase\": null, \"location\": null, \"unit\": \"A\"}, {\"value\": \"1443.9\", \"context\": \"Sample.Periodic\", \"format\": \"Raw\", \"measurand\": \"Power.Active.Import\", \"phase\": null, \"location\": null, \"unit\": \"W\"}]}], \"transaction_id\": 36}",2023-01-03T11:32:50.526+01:00
d1fca529-cf84-4bd3-b06b-2bc5d9bd572a,3,7e8404de-845e-4562-9587-720707e87de8,MeterValues,2023-01-03T11:32:51.526+01:00,{},2023-01-03T11:32:51.526+01:00
2026fcc6-2035-45de-9ede-922102005f13,2,a1d93b72-1a3e-42be-a301-ffbad19a0c44,MeterValues,2023-01-03T11:32:52.145+01:00,"{\"connector_id\": 2, \"meter_value\": [{\"timestamp\": \"2023-01-03T10:32:52.145618+00:00\", \"sampled_value\": [{\"value\": \"0.0\", \"context\": \"Sample.Periodic\", \"format\": \"Raw\", \"measurand\": \"Voltage\", \"phase\": \"L1-N\", \"location\": null, \"unit\": \"V\"}, {\"value\": \"5.75\", \"context\": \"Sample.Periodic\", \"format\": \"Raw\", \"measurand\": \"Current.Import\", \"phase\": \"L1\", \"location\": null, \"unit\": \"A\"}, {\"value\": \"1413.91\", \"context\": \"Sample.Periodic\", \"format\": \"Raw\", \"measurand\": \"Power.Active.Import\", \"phase\": \"L1\", \"location\": null, \"unit\": \"W\"}, {\"value\": \"0.0\", \"context\": \"Sample.Periodic\", \"format\": \"Raw\", \"measurand\": \"Voltage\", \"phase\": \"L2-N\", \"location\": null, \"unit\": \"V\"}, {\"value\": \"0.0\", \"context\": \"Sample.Periodic\", \"format\": \"Raw\", \"measurand\": \"Current.Import\", \"phase\": \"L2\", \"location\": null, \"unit\": \"A\"}, {\"value\": \"0.0\", \"context\": \"Sample.Periodic\", \"format\": \"Raw\", \"measurand\": \"Power.Active.Import\", \"phase\": \"L2\", \"location\": null, \"unit\": \"W\"}, {\"value\": \"0.0\", \"context\": \"Sample.Periodic\", \"format\": \"Raw\", \"measurand\": \"Voltage\", \"phase\": \"L3-N\", \"location\": null, \"unit\": \"V\"}, {\"value\": \"0.0\", \"context\": \"Sample.Periodic\", \"format\": \"Raw\", \"measurand\": \"Current.Import\", \"phase\": \"L3\", \"location\": null, \"unit\": \"A\"}, {\"value\": \"0.0\", \"context\": \"Sample.Periodic\", \"format\": \"Raw\", \"measurand\": \"Power.Active.Import\", \"phase\": \"L3\", \"location\": null, \"unit\": \"W\"}, {\"value\": \"151820.71000000002\", \"context\": \"Sample.Periodic\", \"format\": \"Raw\", \"measurand\": \"Energy.Active.Import.Register\", \"phase\": null, \"location\": null, \"unit\": \"Wh\"}, {\"value\": \"5.75\", \"context\": \"Sample.Periodic\", \"format\": \"Raw\", \"measurand\": \"Current.Import\", \"phase\": null, \"location\": null, \"unit\": \"A\"}, {\"value\": \"1413.91\", \"context\": \"Sample.Periodic\", \"format\": \"Raw\", \"measurand\": \"Power.Active.Import\", \"phase\": null, \"location\": null, \"unit\": \"W\"}]}], \"transaction_id\": 29}",2023-01-03T11:32:52.145+01:00
2026fcc6-2035-45de-9ede-922102005f13,3,a1d93b72-1a3e-42be-a301-ffbad19a0c44,MeterValues,2023-01-03T11:32:53.145+01:00,{},2023-01-03T11:32:53.145+01:00
