message_id,message_type,charge_point_id,action,write_timestamp,body,write_timestamp_epoch
c502c483-3a59-471f-b6bd-d36bbc0794d7,2,8b44acb7-8a2a-4741-915e-3a1cce498ced,StopTransaction,2023-01-02T10:54:09.850+01:00,"{\"meter_stop\": 189632, \"timestamp\": \"2023-01-02T09:54:09.850901+00:00\", \"transaction_id\": 15, \"reason\": null, \"id_tag\": \"d4652187-8815-4ad4-bcfc-9cf6b18c2c6a\", \"transaction_data\": null}",2023-01-02T10:54:09.850+01:00
c502c483-3a59-471f-b6bd-d36bbc0794d7,3,8b44acb7-8a2a-4741-915e-3a1cce498ced,StopTransaction,2023-01-02T10:54:10.850+01:00,"{\"id_tag_info\": {\"status\": \"Accepted\", \"parent_id_tag\": \"d4652187-8815-4ad4-bcfc-9cf6b18c2c6a\", \"expiry_date\": null}}",2023-01-02T10:54:10.850+01:00
d0e46394-6804-48e9-b65a-39dfbe28835e,2,acea7af6-eb97-4158-8549-2edda4aab255,Heartbeat,2023-01-02T10:54:11.000+01:00,{},2023-01-02T10:54:11.000+01:00
45e7d57e-2001-47dd-a363-76fcd359e12c,2,8b44acb7-8a2a-4741-915e-3a1cce498ced,StatusNotification,2023-01-02T10:54:11.850+01:00,"{\"connector_id\": 1, \"error_code\": \"NoError\", \"status\": \"Finishing\", \"timestamp\": \"2023-01-02T09:54:11.850901+00:00\", \"info\": null, \"vendor_id\": null, \"vendor_error_code\": null}",2023-01-02T10:54:11.850+01:00
d0e46394-6804-48e9-b65a-39dfbe28835e,3,acea7af6-eb97-4158-8549-2edda4aab255,Heartbeat,2023-01-02T10:54:12.000+01:00,"{\\\"current_time\\\": \\\"2023-01-02T09:54:12.000055+00:00\\\"}",2023-01-02T10:54:12.000+01:00
45e7d57e-2001-47dd-a363-76fcd359e12c,3,8b44acb7-8a2a-4741-915e-3a1cce498ced,StatusNotification,2023-01-02T10:54:12.850+01:00,{},2023-01-02T10:54:12.850+01:00
4477bc20-84d2-428b-9987-b91e3d2f63bc,2,8b44acb7-8a2a-4741-915e-3a1cce498ced,Heartbeat,2023-01-02T10:54:45.000+01:00,{},2023-01-02T10:54:45.000+01:00
4477bc20-84d2-428b-9987-b91e3d2f63bc,3,8b44acb7-8a2a-4741-915e-3a1cce498ced,Heartbeat,2023-01-02T10:54:46.000+01:00,"{\\\"current_time\\\": \\\"2023-01-02T09:54:46+00:00\\\"}",2023-01-02T10:54:46.000+01:00
cd1a36b8-c2c2-435d-9fef-090156486cea,2,94073806-8222-430e-8ca4-fab78b58fb67,Heartbeat,2023-01-02T10:54:50.000+01:00,{},2023-01-02T10:54:50.000+01:00
cd1a36b8-c2c2-435d-9fef-090156486cea,3,94073806-8222-430e-8ca4-fab78b58fb67,Heartbeat,2023-01-02T10:54:51.000+01:00,"{\\\"current_time\\\": \\\"2023-01-02T09:54:51.000059+00:00\\\"}",2023-01-02T10:54:51.000+01:00
fb6e2062-85df-48f1-840a-8b88c05f5f6c,2,5d3706d3-5866-4f52-a52c-5efca5fbb312,Heartbeat,2023-01-02T10:54:58.000+01:00,{},2023-01-02T10:54:58.000+01:00
fb6e2062-85df-48f1-840a-8b88c05f5f6c,3,5d3706d3-5866-4f52-a52c-5efca5fbb312,Heartbeat,2023-01-02T10:54:59.000+01:00,"{\\\"current_time\\\": \\\"2023-01-02T09:54:59.000024+00:00\\\"}",2023-01-02T10:54:59.000+01:00
