message_id,message_type,charge_point_id,action,write_timestamp,body,write_timestamp_epoch
e7a2a021-da22-4011-b0b6-f46da1cb1ef8,2,b3dbcb91-72ab-42b7-8399-90f540ee38d9,StartTransaction,2023-01-05T05:27:17.591+01:00,"{\"connector_id\": 2, \"id_tag\": \"1fae7b7f-5cac-4617-8e70-9ddeeaa7fdc3\", \"meter_start\": 609582, \"timestamp\": \"2023-01-05T04:27:16.591137+00:00\", \"reservation_id\": null}",2023-01-05T05:27:17.591+01:00
e7a2a021-da22-4011-b0b6-f46da1cb1ef8,3,b3dbcb91-72ab-42b7-8399-90f540ee38d9,StartTransaction,2023-01-05T05:27:18.591+01:00,"{\"transaction_id\": 68, \"id_tag_info\": {\"status\": \"Accepted\", \"parent_id_tag\": \"1fae7b7f-5cac-4617-8e70-9ddeeaa7fdc3\", \"expiry_date\": null}}",2023-01-05T05:27:18.591+01:00
e15411f2-a5c3-453a-b08b-28d59ef51c91,2,b3dbcb91-72ab-42b7-8399-90f540ee38d9,StatusNotification,2023-01-05T05:27:19.591+01:00,"{\"connector_id\": 2, \"error_code\": \"NoError\", \"status\": \"Preparing\", \"timestamp\": \"2023-01-05T04:27:19.591137+00:00\", \"info\": null, \"vendor_id\": null, \"vendor_error_code\": null}",2023-01-05T05:27:19.591+01:00
e15411f2-a5c3-453a-b08b-28d59ef51c91,3,b3dbcb91-72ab-42b7-8399-90f540ee38d9,StatusNotification,2023-01-05T05:27:20.591+01:00,{},2023-01-05T05:27:20.591+01:00
24e1f1ea-8c50-4456-a580-45efa4bb32bc,2,b3dbcb91-72ab-42b7-8399-90f540ee38d9,StatusNotification,2023-01-05T05:27:20.591+01:00,"{\"connector_id\": 2, \"error_code\": \"NoError\", \"status\": \"Charging\", \"timestamp\": \"2023-01-05T04:27:20.591137+00:00\", \"info\": null, \"vendor_id\": null, \"vendor_error_code\": null}",2023-01-05T05:27:20.591+01:00
24e1f1ea-8c50-4456-a580-45efa4bb32bc,3,b3dbcb91-72ab-42b7-8399-90f540ee38d9,StatusNotification,2023-01-05T05:27:21.591+01:00,{},2023-01-05T05:27:21.591+01:00
5d2ecd5b-750a-4427-be28-cdefae80256b,2,b3dbcb91-72ab-42b7-8399-90f540ee38d9,MeterValues,2023-01-05T05:27:22.591+01:00,"{\"connector_id\": 2, \"meter_value\": [{\"timestamp\": \"2023-01-05T04:27:22.591137+00:00\", \"sampled_value\": [{\"value\": \"0.0\", \"context\": \"Sample.Periodic\", \"format\": \"Raw\", \"measurand\": \"Voltage\", \"phase\": \"L1-N\", \"location\": null, \"unit\": \"V\"}, {\"value\": \"7.85\", \"context\": \"Sample.Periodic\", \"format\": \"Raw\", \"measurand\": \"Current.Import\", \"phase\": \"L1\", \"location\": null, \"unit\": \"A\"}, {\"value\": \"1684.48\", \"context\": \"Sample.Periodic\", \"format\": \"Raw\", \"measurand\": \"Power.Active.Import\", \"phase\": \"L1\", \"location\": null, \"unit\": \"W\"}, {\"value\": \"0.0\", \"context\": \"Sample.Periodic\", \"format\": \"Raw\", \"measurand\": \"Voltage\", \"phase\": \"L2-N\", \"location\": null, \"unit\": \"V\"}, {\"value\": \"0.0\", \"context\": \"Sample.Periodic\", \"format\": \"Raw\", \"measurand\": \"Current.Import\", \"phase\": \"L2\", \"location\": null, \"unit\": \"A\"}, {\"value\": \"0.0\", \"context\": \"Sample.Periodic\", \"format\": \"Raw\", \"measurand\": \"Power.Active.Import\", \"phase\": \"L2\", \"location\": null, \"unit\": \"W\"}, {\"value\": \"0.0\", \"context\": \"Sample.Periodic\", \"format\": \"Raw\", \"measurand\": \"Voltage\", \"phase\": \"L3-N\", \"location\": null, \"unit\": \"V\"}, {\"value\": \"0.0\", \"context\": \"Sample.Periodic\", \"format\": \"Raw\", \"measurand\": \"Current.Import\", \"phase\": \"L3\", \"location\": null, \"unit\": \"A\"}, {\"value\": \"0.0\", \"context\": \"Sample.Periodic\", \"format\": \"Raw\", \"measurand\": \"Power.Active.Import\", \"phase\": \"L3\", \"location\": null, \"unit\": \"W\"}, {\"value\": \"1684.48\", \"context\": \"Sample.Periodic\", \"format\": \"Raw\", \"measurand\": \"Energy.Active.Import.Register\", \"phase\": null, \"location\": null, \"unit\": \"Wh\"}, {\"value\": \"7.85\", \"context\": \"Sample.Periodic\", \"format\": \"Raw\", \"measurand\": \"Current.Import\", \"phase\": null, \"location\": null, \"unit\": \"A\"}, {\"value\": \"1684.48\", \"context\": \"Sample.Periodic\", \"format\": \"Raw\", \"measurand\": \"Power.Active.Import\", \"phase\": null, \"location\": null, \"unit\": \"W\"}]}], \"transaction_id\": 68}",2023-01-05T05:27:22.591+01:00
5d2ecd5b-750a-4427-be28-cdefae80256b,3,b3dbcb91-72ab-42b7-8399-90f540ee38d9,MeterValues,2023-01-05T05:27:23.591+01:00,{},2023-01-05T05:27:23.591+01:00
9a9da47b-953c-4f86-8496-31cef5eac483,2,c316606a-28b2-4629-ba4b-ef138507aa87,Heartbeat,2023-01-05T05:27:45.000+01:00,{},2023-01-05T05:27:45.000+01:00
9a9da47b-953c-4f86-8496-31cef5eac483,3,c316606a-28b2-4629-ba4b-ef138507aa87,Heartbeat,2023-01-05T05:27:46.000+01:00,"{\\\"current_time\\\": \\\"2023-01-05T04:27:46.000011+00:00\\\"}",2023-01-05T05:27:46.000+01:00
