message_id,message_type,charge_point_id,action,write_timestamp,body,write_timestamp_epoch
15d1907b-81e8-4a63-96cf-7a35042aacbd,2,cb5e3f9c-1cd2-4c9e-9c18-09fbba6b5300,MeterValues,2023-01-03T13:18:21.975+01:00,"{\"connector_id\": 2, \"meter_value\": [{\"timestamp\": \"2023-01-03T12:18:21.975639+00:00\", \"sampled_value\": [{\"value\": \"0.0\", \"context\": \"Sample.Periodic\", \"format\": \"Raw\", \"measurand\": \"Voltage\", \"phase\": \"L1-N\", \"location\": null, \"unit\": \"V\"}, {\"value\": \"6.76\", \"context\": \"Sample.Periodic\", \"format\": \"Raw\", \"measurand\": \"Current.Import\", \"phase\": \"L1\", \"location\": null, \"unit\": \"A\"}, {\"value\": \"1416.35\", \"context\": \"Sample.Periodic\", \"format\": \"Raw\", \"measurand\": \"Power.Active.Import\", \"phase\": \"L1\", \"location\": null, \"unit\": \"W\"}, {\"value\": \"0.0\", \"context\": \"Sample.Periodic\", \"format\": \"Raw\", \"measurand\": \"Voltage\", \"phase\": \"L2-N\", \"location\": null, \"unit\": \"V\"}, {\"value\": \"0.0\", \"context\": \"Sample.Periodic\", \"format\": \"Raw\", \"measurand\": \"Current.Import\", \"phase\": \"L2\", \"location\": null, \"unit\": \"A\"}, {\"value\": \"0.0\", \"context\": \"Sample.Periodic\", \"format\": \"Raw\", \"measurand\": \"Power.Active.Import\", \"phase\": \"L2\", \"location\": null, \"unit\": \"W\"}, {\"value\": \"0.0\", \"context\": \"Sample.Periodic\", \"format\": \"Raw\", \"measurand\": \"Voltage\", \"phase\": \"L3-N\", \"location\": null, \"unit\": \"V\"}, {\"value\": \"0.0\", \"context\": \"Sample.Periodic\", \"format\": \"Raw\", \"measurand\": \"Current.Import\", \"phase\": \"L3\", \"location\": null, \"unit\": \"A\"}, {\"value\": \"0.0\", \"context\": \"Sample.Periodic\", \"format\": \"Raw\", \"measurand\": \"Power.Active.Import\", \"phase\": \"L3\", \"location\": null, \"unit\": \"W\"}, {\"value\": \"54556.84\", \"context\": \"Sample.Periodic\", \"format\": \"Raw\", \"measurand\": \"Energy.Active.Import.Register\", \"phase\": null, \"location\": null, \"unit\": \"Wh\"}, {\"value\": \"6.76\", \"context\": \"Sample.Periodic\", \"format\": \"Raw\", \"measurand\": \"Current.Import\", \"phase\": null, \"location\": null, \"unit\": \"A\"}, {\"value\": \"1416.35\", \"context\": \"Sample.Periodic\", \"format\": \"Raw\", \"measurand\": \"Power.Active.Import\", \"phase\": null, \"location\": null, \"unit\": \"W\"}]}], \"transaction_id\": 37}",2023-01-03T13:18:21.975+01:00
15d1907b-81e8-4a63-96cf-7a35042aacbd,3,cb5e3f9c-1cd2-4c9e-9c18-09fbba6b5300,MeterValues,2023-01-03T13:18:22.975+01:00,{},2023-01-03T13:18:22.975+01:00
8c244105-563a-4a17-8cc2-31a0aadc23c6,2,d85b4397-e44d-4105-bf73-8b7de467763f,Heartbeat,2023-01-03T13:18:29.000+01:00,{},2023-01-03T13:18:29.000+01:00
8c244105-563a-4a17-8cc2-31a0aadc23c6,3,d85b4397-e44d-4105-bf73-8b7de467763f,Heartbeat,2023-01-03T13:18:30.000+01:00,"{\\\"current_time\\\": \\\"2023-01-03T12:18:30.000025+00:00\\\"}",2023-01-03T13:18:30.000+01:00
91a5d915-683c-4697-b337-fc5d230662d8,2,a1d93b72-1a3e-42be-a301-ffbad19a0c44,Heartbeat,2023-01-03T13:18:39.000+01:00,{},2023-01-03T13:18:39.000+01:00
91a5d915-683c-4697-b337-fc5d230662d8,3,a1d93b72-1a3e-42be-a301-ffbad19a0c44,Heartbeat,2023-01-03T13:18:40.000+01:00,"{\\\"current_time\\\": \\\"2023-01-03T12:18:40.000036+00:00\\\"}",2023-01-03T13:18:40.000+01:00
