message_id,message_type,charge_point_id,action,write_timestamp,body,write_timestamp_epoch
e465b541-5264-448e-bd39-13fcd92b4f9a,2,b3dbcb91-72ab-42b7-8399-90f540ee38d9,Heartbeat,2023-01-04T03:31:24.000+01:00,{},2023-01-04T03:31:24.000+01:00
e465b541-5264-448e-bd39-13fcd92b4f9a,3,b3dbcb91-72ab-42b7-8399-90f540ee38d9,Heartbeat,2023-01-04T03:31:25.000+01:00,"{\\\"current_time\\\": \\\"2023-01-04T02:31:25.000015+00:00\\\"}",2023-01-04T03:31:25.000+01:00
0f597197-5d57-4480-abdf-790808f9a9ee,2,7e8404de-845e-4562-9587-720707e87de8,Heartbeat,2023-01-04T03:31:34.000+01:00,{},2023-01-04T03:31:34.000+01:00
0f597197-5d57-4480-abdf-790808f9a9ee,3,7e8404de-845e-4562-9587-720707e87de8,Heartbeat,2023-01-04T03:31:35.000+01:00,"{\\\"current_time\\\": \\\"2023-01-04T02:31:35.000026+00:00\\\"}",2023-01-04T03:31:35.000+01:00
6f3a6a2b-4a8a-4b64-8556-766a14c73d3c,2,cb5e3f9c-1cd2-4c9e-9c18-09fbba6b5300,Heartbeat,2023-01-04T03:31:51.000+01:00,{},2023-01-04T03:31:51.000+01:00
6f3a6a2b-4a8a-4b64-8556-766a14c73d3c,3,cb5e3f9c-1cd2-4c9e-9c18-09fbba6b5300,Heartbeat,2023-01-04T03:31:52.000+01:00,"{\\\"current_time\\\": \\\"2023-01-04T02:31:52.000029+00:00\\\"}",2023-01-04T03:31:52.000+01:00
b96b5c48-a4f6-4da0-9ebd-e105d7e9a865,2,5d3706d3-5866-4f52-a52c-5efca5fbb312,MeterValues,2023-01-04T03:31:53.895+01:00,"{\"connector_id\": 3, \"meter_value\": [{\"timestamp\": \"2023-01-04T02:31:53.895593+00:00\", \"sampled_value\": [{\"value\": \"0.0\", \"context\": \"Sample.Periodic\", \"format\": \"Raw\", \"measurand\": \"Voltage\", \"phase\": \"L1-N\", \"location\": null, \"unit\": \"V\"}, {\"value\": \"0.0\", \"context\": \"Sample.Periodic\", \"format\": \"Raw\", \"measurand\": \"Current.Import\", \"phase\": \"L1\", \"location\": null, \"unit\": \"A\"}, {\"value\": \"0.0\", \"context\": \"Sample.Periodic\", \"format\": \"Raw\", \"measurand\": \"Power.Active.Import\", \"phase\": \"L1\", \"location\": null, \"unit\": \"W\"}, {\"value\": \"0.0\", \"context\": \"Sample.Periodic\", \"format\": \"Raw\", \"measurand\": \"Voltage\", \"phase\": \"L2-N\", \"location\": null, \"unit\": \"V\"}, {\"value\": \"0.0\", \"context\": \"Sample.Periodic\", \"format\": \"Raw\", \"measurand\": \"Current.Import\", \"phase\": \"L2\", \"location\": null, \"unit\": \"A\"}, {\"value\": \"0.0\", \"context\": \"Sample.Periodic\", \"format\": \"Raw\", \"measurand\": \"Power.Active.Import\", \"phase\": \"L2\", \"location\": null, \"unit\": \"W\"}, {\"value\": \"0.0\", \"context\": \"Sample.Periodic\", \"format\": \"Raw\", \"measurand\": \"Voltage\", \"phase\": \"L3-N\", \"location\": null, \"unit\": \"V\"}, {\"value\": \"0.0\", \"context\": \"Sample.Periodic\", \"format\": \"Raw\", \"measurand\": \"Current.Import\", \"phase\": \"L3\", \"location\": null, \"unit\": \"A\"}, {\"value\": \"0.0\", \"context\": \"Sample.Periodic\", \"format\": \"Raw\", \"measurand\": \"Power.Active.Import\", \"phase\": \"L3\", \"location\": null, \"unit\": \"W\"}, {\"value\": \"59050.48999999999\", \"context\": \"Sample.Periodic\", \"format\": \"Raw\", \"measurand\": \"Energy.Active.Import.Register\", \"phase\": null, \"location\": null, \"unit\": \"Wh\"}, {\"value\": \"0.0\", \"context\": \"Sample.Periodic\", \"format\": \"Raw\", \"measurand\": \"Current.Import\", \"phase\": null, \"location\": null, \"unit\": \"A\"}, {\"value\": \"0.0\", \"context\": \"Sample.Periodic\", \"format\": \"Raw\", \"measurand\": \"Power.Active.Import\", \"phase\": null, \"location\": null, \"unit\": \"W\"}]}], \"transaction_id\": 44}",2023-01-04T03:31:53.895+01:00
b96b5c48-a4f6-4da0-9ebd-e105d7e9a865,3,5d3706d3-5866-4f52-a52c-5efca5fbb312,MeterValues,2023-01-04T03:31:54.895+01:00,{},2023-01-04T03:31:54.895+01:00
