message_id,message_type,charge_point_id,action,write_timestamp,body,write_timestamp_epoch
8c244105-563a-4a17-8cc2-31a0aadc23c6,2,d85b4397-e44d-4105-bf73-8b7de467763f,Heartbeat,2023-01-04T09:13:29.000+01:00,{},2023-01-04T09:13:29.000+01:00
8c244105-563a-4a17-8cc2-31a0aadc23c6,3,d85b4397-e44d-4105-bf73-8b7de467763f,Heartbeat,2023-01-04T09:13:30.000+01:00,"{\\\"current_time\\\": \\\"2023-01-04T08:13:30.000025+00:00\\\"}",2023-01-04T09:13:30.000+01:00
5d5e7740-eaf1-4f21-bb04-16cc6f94de9c,2,acea7af6-eb97-4158-8549-2edda4aab255,MeterValues,2023-01-04T09:13:37.901+01:00,"{\"connector_id\": 3, \"meter_value\": [{\"timestamp\": \"2023-01-04T08:13:37.901053+00:00\", \"sampled_value\": [{\"value\": \"0.0\", \"context\": \"Sample.Periodic\", \"format\": \"Raw\", \"measurand\": \"Voltage\", \"phase\": \"L1-N\", \"location\": null, \"unit\": \"V\"}, {\"value\": \"0.0\", \"context\": \"Sample.Periodic\", \"format\": \"Raw\", \"measurand\": \"Current.Import\", \"phase\": \"L1\", \"location\": null, \"unit\": \"A\"}, {\"value\": \"0.0\", \"context\": \"Sample.Periodic\", \"format\": \"Raw\", \"measurand\": \"Power.Active.Import\", \"phase\": \"L1\", \"location\": null, \"unit\": \"W\"}, {\"value\": \"0.0\", \"context\": \"Sample.Periodic\", \"format\": \"Raw\", \"measurand\": \"Voltage\", \"phase\": \"L2-N\", \"location\": null, \"unit\": \"V\"}, {\"value\": \"0.0\", \"context\": \"Sample.Periodic\", \"format\": \"Raw\", \"measurand\": \"Current.Import\", \"phase\": \"L2\", \"location\": null, \"unit\": \"A\"}, {\"value\": \"0.0\", \"context\": \"Sample.Periodic\", \"format\": \"Raw\", \"measurand\": \"Power.Active.Import\", \"phase\": \"L2\", \"location\": null, \"unit\": \"W\"}, {\"value\": \"0.0\", \"context\": \"Sample.Periodic\", \"format\": \"Raw\", \"measurand\": \"Voltage\", \"phase\": \"L3-N\", \"location\": null, \"unit\": \"V\"}, {\"value\": \"0.0\", \"context\": \"Sample.Periodic\", \"format\": \"Raw\", \"measurand\": \"Current.Import\", \"phase\": \"L3\", \"location\": null, \"unit\": \"A\"}, {\"value\": \"0.0\", \"context\": \"Sample.Periodic\", \"format\": \"Raw\", \"measurand\": \"Power.Active.Import\", \"phase\": \"L3\", \"location\": null, \"unit\": \"W\"}, {\"value\": \"20258.239999999998\", \"context\": \"Sample.Periodic\", \"format\": \"Raw\", \"measurand\": \"Energy.Active.Import.Register\", \"phase\": null, \"location\": null, \"unit\": \"Wh\"}, {\"value\": \"0.0\", \"context\": \"Sample.Periodic\", \"format\": \"Raw\", \"measurand\": \"Current.Import\", \"phase\": null, \"location\": null, \"unit\": \"A\"}, {\"value\": \"0.0\", \"context\": \"Sample.Periodic\", \"format\": \"Raw\", \"measurand\": \"Power.Active.Import\", \"phase\": null, \"location\": null, \"unit\": \"W\"}]}], \"transaction_id\": 52}",2023-01-04T09:13:37.901+01:00
5d5e7740-eaf1-4f21-bb04-16cc6f94de9c,3,acea7af6-eb97-4158-8549-2edda4aab255,MeterValues,2023-01-04T09:13:38.901+01:00,{},2023-01-04T09:13:38.901+01:00
91a5d915-683c-4697-b337-fc5d230662d8,2,a1d93b72-1a3e-42be-a301-ffbad19a0c44,Heartbeat,2023-01-04T09:13:39.000+01:00,{},2023-01-04T09:13:39.000+01:00
91a5d915-683c-4697-b337-fc5d230662d8,3,a1d93b72-1a3e-42be-a301-ffbad19a0c44,Heartbeat,2023-01-04T09:13:40.000+01:00,"{\\\"current_time\\\": \\\"2023-01-04T08:13:40.000036+00:00\\\"}",2023-01-04T09:13:40.000+01:00
5abf624c-dd45-4e74-b80a-ef5e195ee516,2,94073806-8222-430e-8ca4-fab78b58fb67,MeterValues,2023-01-04T09:13:43.516+01:00,"{\"connector_id\": 1, \"meter_value\": [{\"timestamp\": \"2023-01-04T08:13:43.516330+00:00\", \"sampled_value\": [{\"value\": \"0.0\", \"context\": \"Sample.Periodic\", \"format\": \"Raw\", \"measurand\": \"Voltage\", \"phase\": \"L1-N\", \"location\": null, \"unit\": \"V\"}, {\"value\": \"6.43\", \"context\": \"Sample.Periodic\", \"format\": \"Raw\", \"measurand\": \"Current.Import\", \"phase\": \"L1\", \"location\": null, \"unit\": \"A\"}, {\"value\": \"1348.12\", \"context\": \"Sample.Periodic\", \"format\": \"Raw\", \"measurand\": \"Power.Active.Import\", \"phase\": \"L1\", \"location\": null, \"unit\": \"W\"}, {\"value\": \"0.0\", \"context\": \"Sample.Periodic\", \"format\": \"Raw\", \"measurand\": \"Voltage\", \"phase\": \"L2-N\", \"location\": null, \"unit\": \"V\"}, {\"value\": \"0.0\", \"context\": \"Sample.Periodic\", \"format\": \"Raw\", \"measurand\": \"Current.Import\", \"phase\": \"L2\", \"location\": null, \"unit\": \"A\"}, {\"value\": \"0.0\", \"context\": \"Sample.Periodic\", \"format\": \"Raw\", \"measurand\": \"Power.Active.Import\", \"phase\": \"L2\", \"location\": null, \"unit\": \"W\"}, {\"value\": \"0.0\", \"context\": \"Sample.Periodic\", \"format\": \"Raw\", \"measurand\": \"Voltage\", \"phase\": \"L3-N\", \"location\": null, \"unit\": \"V\"}, {\"value\": \"0.0\", \"context\": \"Sample.Periodic\", \"format\": \"Raw\", \"measurand\": \"Current.Import\", \"phase\": \"L3\", \"location\": null, \"unit\": \"A\"}, {\"value\": \"0.0\", \"context\": \"Sample.Periodic\", \"format\": \"Raw\", \"measurand\": \"Power.Active.Import\", \"phase\": \"L3\", \"location\": null, \"unit\": \"W\"}, {\"value\": \"61389.64000000001\", \"context\": \"Sample.Periodic\", \"format\": \"Raw\", \"measurand\": \"Energy.Active.Import.Register\", \"phase\": null, \"location\": null, \"unit\": \"Wh\"}, {\"value\": \"6.43\", \"context\": \"Sample.Periodic\", \"format\": \"Raw\", \"measurand\": \"Current.Import\", \"phase\": null, \"location\": null, \"unit\": \"A\"}, {\"value\": \"1348.12\", \"context\": \"Sample.Periodic\", \"format\": \"Raw\", \"measurand\": \"Power.Active.Import\", \"phase\": null, \"location\": null, \"unit\": \"W\"}]}], \"transaction_id\": 51}",2023-01-04T09:13:43.516+01:00
5abf624c-dd45-4e74-b80a-ef5e195ee516,3,94073806-8222-430e-8ca4-fab78b58fb67,MeterValues,2023-01-04T09:13:44.516+01:00,{},2023-01-04T09:13:44.516+01:00
