message_id,message_type,charge_point_id,action,write_timestamp,body,write_timestamp_epoch
85b2c715-9ac0-435f-a9d6-c3a09cb4358a,2,c316606a-28b2-4629-ba4b-ef138507aa87,MeterValues,2023-01-04T17:49:05.803+01:00,"{\"connector_id\": 2, \"meter_value\": [{\"timestamp\": \"2023-01-04T16:49:05.803584+00:00\", \"sampled_value\": [{\"value\": \"0.0\", \"context\": \"Sample.Periodic\", \"format\": \"Raw\", \"measurand\": \"Voltage\", \"phase\": \"L1-N\", \"location\": null, \"unit\": \"V\"}, {\"value\": \"6.13\", \"context\": \"Sample.Periodic\", \"format\": \"Raw\", \"measurand\": \"Current.Import\", \"phase\": \"L1\", \"location\": null, \"unit\": \"A\"}, {\"value\": \"1381.56\", \"context\": \"Sample.Periodic\", \"format\": \"Raw\", \"measurand\": \"Power.Active.Import\", \"phase\": \"L1\", \"location\": null, \"unit\": \"W\"}, {\"value\": \"0.0\", \"context\": \"Sample.Periodic\", \"format\": \"Raw\", \"measurand\": \"Voltage\", \"phase\": \"L2-N\", \"location\": null, \"unit\": \"V\"}, {\"value\": \"0.0\", \"context\": \"Sample.Periodic\", \"format\": \"Raw\", \"measurand\": \"Current.Import\", \"phase\": \"L2\", \"location\": null, \"unit\": \"A\"}, {\"value\": \"0.0\", \"context\": \"Sample.Periodic\", \"format\": \"Raw\", \"measurand\": \"Power.Active.Import\", \"phase\": \"L2\", \"location\": null, \"unit\": \"W\"}, {\"value\": \"0.0\", \"context\": \"Sample.Periodic\", \"format\": \"Raw\", \"measurand\": \"Voltage\", \"phase\": \"L3-N\", \"location\": null, \"unit\": \"V\"}, {\"value\": \"0.0\", \"context\": \"Sample.Periodic\", \"format\": \"Raw\", \"measurand\": \"Current.Import\", \"phase\": \"L3\", \"location\": null, \"unit\": \"A\"}, {\"value\": \"0.0\", \"context\": \"Sample.Periodic\", \"format\": \"Raw\", \"measurand\": \"Power.Active.Import\", \"phase\": \"L3\", \"location\": null, \"unit\": \"W\"}, {\"value\": \"63266.36\", \"context\": \"Sample.Periodic\", \"format\": \"Raw\", \"measurand\": \"Energy.Active.Import.Register\", \"phase\": null, \"location\": null, \"unit\": \"Wh\"}, {\"value\": \"6.13\", \"context\": \"Sample.Periodic\", \"format\": \"Raw\", \"measurand\": \"Current.Import\", \"phase\": null, \"location\": null, \"unit\": \"A\"}, {\"value\": \"1381.56\", \"context\": \"Sample.Periodic\", \"format\": \"Raw\", \"measurand\": \"Power.Active.Import\", \"phase\": null, \"location\": null, \"unit\": \"W\"}]}], \"transaction_id\": 55}",2023-01-04T17:49:05.803+01:00
85b2c715-9ac0-435f-a9d6-c3a09cb4358a,3,c316606a-28b2-4629-ba4b-ef138507aa87,MeterValues,2023-01-04T17:49:06.803+01:00,{},2023-01-04T17:49:06.803+01:00
d0e46394-6804-48e9-b65a-39dfbe28835e,2,acea7af6-eb97-4158-8549-2edda4aab255,Heartbeat,2023-01-04T17:49:11.000+01:00,{},2023-01-04T17:49:11.000+01:00
d0e46394-6804-48e9-b65a-39dfbe28835e,3,acea7af6-eb97-4158-8549-2edda4aab255,Heartbeat,2023-01-04T17:49:12.000+01:00,"{\\\"current_time\\\": \\\"2023-01-04T16:49:12.000055+00:00\\\"}",2023-01-04T17:49:12.000+01:00
e587904a-608d-4641-94b1-2ec7f73f9e1c,2,7e8404de-845e-4562-9587-720707e87de8,MeterValues,2023-01-04T17:49:27.781+01:00,"{\"connector_id\": 1, \"meter_value\": [{\"timestamp\": \"2023-01-04T16:49:27.781838+00:00\", \"sampled_value\": [{\"value\": \"0.0\", \"context\": \"Sample.Periodic\", \"format\": \"Raw\", \"measurand\": \"Voltage\", \"phase\": \"L1-N\", \"location\": null, \"unit\": \"V\"}, {\"value\": \"4.96\", \"context\": \"Sample.Periodic\", \"format\": \"Raw\", \"measurand\": \"Current.Import\", \"phase\": \"L1\", \"location\": null, \"unit\": \"A\"}, {\"value\": \"1472.06\", \"context\": \"Sample.Periodic\", \"format\": \"Raw\", \"measurand\": \"Power.Active.Import\", \"phase\": \"L1\", \"location\": null, \"unit\": \"W\"}, {\"value\": \"0.0\", \"context\": \"Sample.Periodic\", \"format\": \"Raw\", \"measurand\": \"Voltage\", \"phase\": \"L2-N\", \"location\": null, \"unit\": \"V\"}, {\"value\": \"0.0\", \"context\": \"Sample.Periodic\", \"format\": \"Raw\", \"measurand\": \"Current.Import\", \"phase\": \"L2\", \"location\": null, \"unit\": \"A\"}, {\"value\": \"0.0\", \"context\": \"Sample.Periodic\", \"format\": \"Raw\", \"measurand\": \"Power.Active.Import\", \"phase\": \"L2\", \"location\": null, \"unit\": \"W\"}, {\"value\": \"0.0\", \"context\": \"Sample.Periodic\", \"format\": \"Raw\", \"measurand\": \"Voltage\", \"phase\": \"L3-N\", \"location\": null, \"unit\": \"V\"}, {\"value\": \"0.0\", \"context\": \"Sample.Periodic\", \"format\": \"Raw\", \"measurand\": \"Current.Import\", \"phase\": \"L3\", \"location\": null, \"unit\": \"A\"}, {\"value\": \"0.0\", \"context\": \"Sample.Periodic\", \"format\": \"Raw\", \"measurand\": \"Power.Active.Import\", \"phase\": \"L3\", \"location\": null, \"unit\": \"W\"}, {\"value\": \"26545.750000000004\", \"context\": \"Sample.Periodic\", \"format\": \"Raw\", \"measurand\": \"Energy.Active.Import.Register\", \"phase\": null, \"location\": null, \"unit\": \"Wh\"}, {\"value\": \"4.96\", \"context\": \"Sample.Periodic\", \"format\": \"Raw\", \"measurand\": \"Current.Import\", \"phase\": null, \"location\": null, \"unit\": \"A\"}, {\"value\": \"1472.06\", \"context\": \"Sample.Periodic\", \"format\": \"Raw\", \"measurand\": \"Power.Active.Import\", \"phase\": null, \"location\": null, \"unit\": \"W\"}]}], \"transaction_id\": 57}",2023-01-04T17:49:27.781+01:00
e587904a-608d-4641-94b1-2ec7f73f9e1c,3,7e8404de-845e-4562-9587-720707e87de8,MeterValues,2023-01-04T17:49:28.781+01:00,{},2023-01-04T17:49:28.781+01:00
4477bc20-84d2-428b-9987-b91e3d2f63bc,2,8b44acb7-8a2a-4741-915e-3a1cce498ced,Heartbeat,2023-01-04T17:49:45.000+01:00,{},2023-01-04T17:49:45.000+01:00
4477bc20-84d2-428b-9987-b91e3d2f63bc,3,8b44acb7-8a2a-4741-915e-3a1cce498ced,Heartbeat,2023-01-04T17:49:46.000+01:00,"{\\\"current_time\\\": \\\"2023-01-04T16:49:46+00:00\\\"}",2023-01-04T17:49:46.000+01:00
cd1a36b8-c2c2-435d-9fef-090156486cea,2,94073806-8222-430e-8ca4-fab78b58fb67,Heartbeat,2023-01-04T17:49:50.000+01:00,{},2023-01-04T17:49:50.000+01:00
cd1a36b8-c2c2-435d-9fef-090156486cea,3,94073806-8222-430e-8ca4-fab78b58fb67,Heartbeat,2023-01-04T17:49:51.000+01:00,"{\\\"current_time\\\": \\\"2023-01-04T16:49:51.000059+00:00\\\"}",2023-01-04T17:49:51.000+01:00
fb6e2062-85df-48f1-840a-8b88c05f5f6c,2,5d3706d3-5866-4f52-a52c-5efca5fbb312,Heartbeat,2023-01-04T17:49:58.000+01:00,{},2023-01-04T17:49:58.000+01:00
fb6e2062-85df-48f1-840a-8b88c05f5f6c,3,5d3706d3-5866-4f52-a52c-5efca5fbb312,Heartbeat,2023-01-04T17:49:59.000+01:00,"{\\\"current_time\\\": \\\"2023-01-04T16:49:59.000024+00:00\\\"}",2023-01-04T17:49:59.000+01:00
