message_id,message_type,charge_point_id,action,write_timestamp,body,write_timestamp_epoch
d0e46394-6804-48e9-b65a-39dfbe28835e,2,acea7af6-eb97-4158-8549-2edda4aab255,Heartbeat,2023-01-05T18:09:11.000+01:00,{},2023-01-05T18:09:11.000+01:00
d0e46394-6804-48e9-b65a-39dfbe28835e,3,acea7af6-eb97-4158-8549-2edda4aab255,Heartbeat,2023-01-05T18:09:12.000+01:00,"{\\\"current_time\\\": \\\"2023-01-05T17:09:12.000055+00:00\\\"}",2023-01-05T18:09:12.000+01:00
035fb44d-a91d-4914-96af-25d68f1606cd,2,acea7af6-eb97-4158-8549-2edda4aab255,MeterValues,2023-01-05T18:09:17.092+01:00,"{\"connector_id\": 3, \"meter_value\": [{\"timestamp\": \"2023-01-05T17:09:17.092305+00:00\", \"sampled_value\": [{\"value\": \"0.0\", \"context\": \"Sample.Periodic\", \"format\": \"Raw\", \"measurand\": \"Voltage\", \"phase\": \"L1-N\", \"location\": null, \"unit\": \"V\"}, {\"value\": \"6.05\", \"context\": \"Sample.Periodic\", \"format\": \"Raw\", \"measurand\": \"Current.Import\", \"phase\": \"L1\", \"location\": null, \"unit\": \"A\"}, {\"value\": \"1636.06\", \"context\": \"Sample.Periodic\", \"format\": \"Raw\", \"measurand\": \"Power.Active.Import\", \"phase\": \"L1\", \"location\": null, \"unit\": \"W\"}, {\"value\": \"0.0\", \"context\": \"Sample.Periodic\", \"format\": \"Raw\", \"measurand\": \"Voltage\", \"phase\": \"L2-N\", \"location\": null, \"unit\": \"V\"}, {\"value\": \"0.0\", \"context\": \"Sample.Periodic\", \"format\": \"Raw\", \"measurand\": \"Current.Import\", \"phase\": \"L2\", \"location\": null, \"unit\": \"A\"}, {\"value\": \"0.0\", \"context\": \"Sample.Periodic\", \"format\": \"Raw\", \"measurand\": \"Power.Active.Import\", \"phase\": \"L2\", \"location\": null, \"unit\": \"W\"}, {\"value\": \"0.0\", \"context\": \"Sample.Periodic\", \"format\": \"Raw\", \"measurand\": \"Voltage\", \"phase\": \"L3-N\", \"location\": null, \"unit\": \"V\"}, {\"value\": \"0.0\", \"context\": \"Sample.Periodic\", \"format\": \"Raw\", \"measurand\": \"Current.Import\", \"phase\": \"L3\", \"location\": null, \"unit\": \"A\"}, {\"value\": \"0.0\", \"context\": \"Sample.Periodic\", \"format\": \"Raw\", \"measurand\": \"Power.Active.Import\", \"phase\": \"L3\", \"location\": null, \"unit\": \"W\"}, {\"value\": \"23082.07\", \"context\": \"Sample.Periodic\", \"format\": \"Raw\", \"measurand\": \"Energy.Active.Import.Register\", \"phase\": null, \"location\": null, \"unit\": \"Wh\"}, {\"value\": \"6.05\", \"context\": \"Sample.Periodic\", \"format\": \"Raw\", \"measurand\": \"Current.Import\", \"phase\": null, \"location\": null, \"unit\": \"A\"}, {\"value\": \"1636.06\", \"context\": \"Sample.Periodic\", \"format\": \"Raw\", \"measurand\": \"Power.Active.Import\", \"phase\": null, \"location\": null, \"unit\": \"W\"}]}], \"transaction_id\": 77}",2023-01-05T18:09:17.092+01:00
035fb44d-a91d-4914-96af-25d68f1606cd,3,acea7af6-eb97-4158-8549-2edda4aab255,MeterValues,2023-01-05T18:09:18.092+01:00,{},2023-01-05T18:09:18.092+01:00
6b8918b5-98f5-40e0-b837-656a8193f2a4,2,cb5e3f9c-1cd2-4c9e-9c18-09fbba6b5300,StartTransaction,2023-01-05T18:09:34.408+01:00,"{\"connector_id\": 3, \"id_tag\": \"6c289e11-b7a5-4c9c-bb5f-29b042ebd4ce\", \"meter_start\": 776067, \"timestamp\": \"2023-01-05T17:09:33.408068+00:00\", \"reservation_id\": null}",2023-01-05T18:09:34.408+01:00
6b8918b5-98f5-40e0-b837-656a8193f2a4,3,cb5e3f9c-1cd2-4c9e-9c18-09fbba6b5300,StartTransaction,2023-01-05T18:09:35.408+01:00,"{\"transaction_id\": 79, \"id_tag_info\": {\"status\": \"Accepted\", \"parent_id_tag\": \"6c289e11-b7a5-4c9c-bb5f-29b042ebd4ce\", \"expiry_date\": null}}",2023-01-05T18:09:35.408+01:00
023cbd03-abd8-48aa-9d50-d20762247364,2,cb5e3f9c-1cd2-4c9e-9c18-09fbba6b5300,StatusNotification,2023-01-05T18:09:36.408+01:00,"{\"connector_id\": 3, \"error_code\": \"NoError\", \"status\": \"Preparing\", \"timestamp\": \"2023-01-05T17:09:36.408068+00:00\", \"info\": null, \"vendor_id\": null, \"vendor_error_code\": null}",2023-01-05T18:09:36.408+01:00
023cbd03-abd8-48aa-9d50-d20762247364,3,cb5e3f9c-1cd2-4c9e-9c18-09fbba6b5300,StatusNotification,2023-01-05T18:09:37.408+01:00,{},2023-01-05T18:09:37.408+01:00
a237d1ba-15f6-425e-af0f-b44c4fed1ef2,2,cb5e3f9c-1cd2-4c9e-9c18-09fbba6b5300,StatusNotification,2023-01-05T18:09:37.408+01:00,"{\"connector_id\": 3, \"error_code\": \"NoError\", \"status\": \"Charging\", \"timestamp\": \"2023-01-05T17:09:37.408068+00:00\", \"info\": null, \"vendor_id\": null, \"vendor_error_code\": null}",2023-01-05T18:09:37.408+01:00
a237d1ba-15f6-425e-af0f-b44c4fed1ef2,3,cb5e3f9c-1cd2-4c9e-9c18-09fbba6b5300,StatusNotification,2023-01-05T18:09:38.408+01:00,{},2023-01-05T18:09:38.408+01:00
556930de-f6fe-4f7b-a66a-7347b06f92ce,2,c316606a-28b2-4629-ba4b-ef138507aa87,MeterValues,2023-01-05T18:09:39.326+01:00,"{\"connector_id\": 3, \"meter_value\": [{\"timestamp\": \"2023-01-05T17:09:39.326393+00:00\", \"sampled_value\": [{\"value\": \"0.0\", \"context\": \"Sample.Periodic\", \"format\": \"Raw\", \"measurand\": \"Voltage\", \"phase\": \"L1-N\", \"location\": null, \"unit\": \"V\"}, {\"value\": \"5.35\", \"context\": \"Sample.Periodic\", \"format\": \"Raw\", \"measurand\": \"Current.Import\", \"phase\": \"L1\", \"location\": null, \"unit\": \"A\"}, {\"value\": \"1359.72\", \"context\": \"Sample.Periodic\", \"format\": \"Raw\", \"measurand\": \"Power.Active.Import\", \"phase\": \"L1\", \"location\": null, \"unit\": \"W\"}, {\"value\": \"0.0\", \"context\": \"Sample.Periodic\", \"format\": \"Raw\", \"measurand\": \"Voltage\", \"phase\": \"L2-N\", \"location\": null, \"unit\": \"V\"}, {\"value\": \"0.0\", \"context\": \"Sample.Periodic\", \"format\": \"Raw\", \"measurand\": \"Current.Import\", \"phase\": \"L2\", \"location\": null, \"unit\": \"A\"}, {\"value\": \"0.0\", \"context\": \"Sample.Periodic\", \"format\": \"Raw\", \"measurand\": \"Power.Active.Import\", \"phase\": \"L2\", \"location\": null, \"unit\": \"W\"}, {\"value\": \"0.0\", \"context\": \"Sample.Periodic\", \"format\": \"Raw\", \"measurand\": \"Voltage\", \"phase\": \"L3-N\", \"location\": null, \"unit\": \"V\"}, {\"value\": \"0.0\", \"context\": \"Sample.Periodic\", \"format\": \"Raw\", \"measurand\": \"Current.Import\", \"phase\": \"L3\", \"location\": null, \"unit\": \"A\"}, {\"value\": \"0.0\", \"context\": \"Sample.Periodic\", \"format\": \"Raw\", \"measurand\": \"Power.Active.Import\", \"phase\": \"L3\", \"location\": null, \"unit\": \"W\"}, {\"value\": \"39191.49\", \"context\": \"Sample.Periodic\", \"format\": \"Raw\", \"measurand\": \"Energy.Active.Import.Register\", \"phase\": null, \"location\": null, \"unit\": \"Wh\"}, {\"value\": \"5.35\", \"context\": \"Sample.Periodic\", \"format\": \"Raw\", \"measurand\": \"Current.Import\", \"phase\": null, \"location\": null, \"unit\": \"A\"}, {\"value\": \"1359.72\", \"context\": \"Sample.Periodic\", \"format\": \"Raw\", \"measurand\": \"Power.Active.Import\", \"phase\": null, \"location\": null, \"unit\": \"W\"}]}], \"transaction_id\": 76}",2023-01-05T18:09:39.326+01:00
73354bfa-9d69-45c3-be81-bdbba8123f9d,2,cb5e3f9c-1cd2-4c9e-9c18-09fbba6b5300,MeterValues,2023-01-05T18:09:39.408+01:00,"{\"connector_id\": 3, \"meter_value\": [{\"timestamp\": \"2023-01-05T17:09:39.408068+00:00\", \"sampled_value\": [{\"value\": \"0.0\", \"context\": \"Sample.Periodic\", \"format\": \"Raw\", \"measurand\": \"Voltage\", \"phase\": \"L1-N\", \"location\": null, \"unit\": \"V\"}, {\"value\": \"7.3\", \"context\": \"Sample.Periodic\", \"format\": \"Raw\", \"measurand\": \"Current.Import\", \"phase\": \"L1\", \"location\": null, \"unit\": \"A\"}, {\"value\": \"1450.63\", \"context\": \"Sample.Periodic\", \"format\": \"Raw\", \"measurand\": \"Power.Active.Import\", \"phase\": \"L1\", \"location\": null, \"unit\": \"W\"}, {\"value\": \"0.0\", \"context\": \"Sample.Periodic\", \"format\": \"Raw\", \"measurand\": \"Voltage\", \"phase\": \"L2-N\", \"location\": null, \"unit\": \"V\"}, {\"value\": \"0.0\", \"context\": \"Sample.Periodic\", \"format\": \"Raw\", \"measurand\": \"Current.Import\", \"phase\": \"L2\", \"location\": null, \"unit\": \"A\"}, {\"value\": \"0.0\", \"context\": \"Sample.Periodic\", \"format\": \"Raw\", \"measurand\": \"Power.Active.Import\", \"phase\": \"L2\", \"location\": null, \"unit\": \"W\"}, {\"value\": \"0.0\", \"context\": \"Sample.Periodic\", \"format\": \"Raw\", \"measurand\": \"Voltage\", \"phase\": \"L3-N\", \"location\": null, \"unit\": \"V\"}, {\"value\": \"0.0\", \"context\": \"Sample.Periodic\", \"format\": \"Raw\", \"measurand\": \"Current.Import\", \"phase\": \"L3\", \"location\": null, \"unit\": \"A\"}, {\"value\": \"0.0\", \"context\": \"Sample.Periodic\", \"format\": \"Raw\", \"measurand\": \"Power.Active.Import\", \"phase\": \"L3\", \"location\": null, \"unit\": \"W\"}, {\"value\": \"1450.63\", \"context\": \"Sample.Periodic\", \"format\": \"Raw\", \"measurand\": \"Energy.Active.Import.Register\", \"phase\": null, \"location\": null, \"unit\": \"Wh\"}, {\"value\": \"7.3\", \"context\": \"Sample.Periodic\", \"format\": \"Raw\", \"measurand\": \"Current.Import\", \"phase\": null, \"location\": null, \"unit\": \"A\"}, {\"value\": \"1450.63\", \"context\": \"Sample.Periodic\", \"format\": \"Raw\", \"measurand\": \"Power.Active.Import\", \"phase\": null, \"location\": null, \"unit\": \"W\"}]}], \"transaction_id\": 79}",2023-01-05T18:09:39.408+01:00
556930de-f6fe-4f7b-a66a-7347b06f92ce,3,c316606a-28b2-4629-ba4b-ef138507aa87,MeterValues,2023-01-05T18:09:40.326+01:00,{},2023-01-05T18:09:40.326+01:00
73354bfa-9d69-45c3-be81-bdbba8123f9d,3,cb5e3f9c-1cd2-4c9e-9c18-09fbba6b5300,MeterValues,2023-01-05T18:09:40.408+01:00,{},2023-01-05T18:09:40.408+01:00
4477bc20-84d2-428b-9987-b91e3d2f63bc,2,8b44acb7-8a2a-4741-915e-3a1cce498ced,Heartbeat,2023-01-05T18:09:45.000+01:00,{},2023-01-05T18:09:45.000+01:00
4477bc20-84d2-428b-9987-b91e3d2f63bc,3,8b44acb7-8a2a-4741-915e-3a1cce498ced,Heartbeat,2023-01-05T18:09:46.000+01:00,"{\\\"current_time\\\": \\\"2023-01-05T17:09:46+00:00\\\"}",2023-01-05T18:09:46.000+01:00
cd1a36b8-c2c2-435d-9fef-090156486cea,2,94073806-8222-430e-8ca4-fab78b58fb67,Heartbeat,2023-01-05T18:09:50.000+01:00,{},2023-01-05T18:09:50.000+01:00
cd1a36b8-c2c2-435d-9fef-090156486cea,3,94073806-8222-430e-8ca4-fab78b58fb67,Heartbeat,2023-01-05T18:09:51.000+01:00,"{\\\"current_time\\\": \\\"2023-01-05T17:09:51.000059+00:00\\\"}",2023-01-05T18:09:51.000+01:00
fb6e2062-85df-48f1-840a-8b88c05f5f6c,2,5d3706d3-5866-4f52-a52c-5efca5fbb312,Heartbeat,2023-01-05T18:09:58.000+01:00,{},2023-01-05T18:09:58.000+01:00
fb6e2062-85df-48f1-840a-8b88c05f5f6c,3,5d3706d3-5866-4f52-a52c-5efca5fbb312,Heartbeat,2023-01-05T18:09:59.000+01:00,"{\\\"current_time\\\": \\\"2023-01-05T17:09:59.000024+00:00\\\"}",2023-01-05T18:09:59.000+01:00
