message_id,message_type,charge_point_id,action,write_timestamp,body,write_timestamp_epoch
123c2bb2-4f43-40ff-902c-88f28a5f9a14,3,d85b4397-e44d-4105-bf73-8b7de467763f,MeterValues,2023-01-05T23:19:00.023+01:00,{},2023-01-05T23:19:00.023+01:00
d0e46394-6804-48e9-b65a-39dfbe28835e,2,acea7af6-eb97-4158-8549-2edda4aab255,Heartbeat,2023-01-05T23:19:11.000+01:00,{},2023-01-05T23:19:11.000+01:00
d0e46394-6804-48e9-b65a-39dfbe28835e,3,acea7af6-eb97-4158-8549-2edda4aab255,Heartbeat,2023-01-05T23:19:12.000+01:00,"{\\\"current_time\\\": \\\"2023-01-05T22:19:12.000055+00:00\\\"}",2023-01-05T23:19:12.000+01:00
035fb44d-a91d-4914-96af-25d68f1606cd,2,acea7af6-eb97-4158-8549-2edda4aab255,MeterValues,2023-01-05T23:19:17.092+01:00,"{\"connector_id\": 3, \"meter_value\": [{\"timestamp\": \"2023-01-05T22:19:17.092305+00:00\", \"sampled_value\": [{\"value\": \"0.0\", \"context\": \"Sample.Periodic\", \"format\": \"Raw\", \"measurand\": \"Voltage\", \"phase\": \"L1-N\", \"location\": null, \"unit\": \"V\"}, {\"value\": \"5.77\", \"context\": \"Sample.Periodic\", \"format\": \"Raw\", \"measurand\": \"Current.Import\", \"phase\": \"L1\", \"location\": null, \"unit\": \"A\"}, {\"value\": \"1630.96\", \"context\": \"Sample.Periodic\", \"format\": \"Raw\", \"measurand\": \"Power.Active.Import\", \"phase\": \"L1\", \"location\": null, \"unit\": \"W\"}, {\"value\": \"0.0\", \"context\": \"Sample.Periodic\", \"format\": \"Raw\", \"measurand\": \"Voltage\", \"phase\": \"L2-N\", \"location\": null, \"unit\": \"V\"}, {\"value\": \"0.0\", \"context\": \"Sample.Periodic\", \"format\": \"Raw\", \"measurand\": \"Current.Import\", \"phase\": \"L2\", \"location\": null, \"unit\": \"A\"}, {\"value\": \"0.0\", \"context\": \"Sample.Periodic\", \"format\": \"Raw\", \"measurand\": \"Power.Active.Import\", \"phase\": \"L2\", \"location\": null, \"unit\": \"W\"}, {\"value\": \"0.0\", \"context\": \"Sample.Periodic\", \"format\": \"Raw\", \"measurand\": \"Voltage\", \"phase\": \"L3-N\", \"location\": null, \"unit\": \"V\"}, {\"value\": \"0.0\", \"context\": \"Sample.Periodic\", \"format\": \"Raw\", \"measurand\": \"Current.Import\", \"phase\": \"L3\", \"location\": null, \"unit\": \"A\"}, {\"value\": \"0.0\", \"context\": \"Sample.Periodic\", \"format\": \"Raw\", \"measurand\": \"Power.Active.Import\", \"phase\": \"L3\", \"location\": null, \"unit\": \"W\"}, {\"value\": \"125306.79\", \"context\": \"Sample.Periodic\", \"format\": \"Raw\", \"measurand\": \"Energy.Active.Import.Register\", \"phase\": null, \"location\": null, \"unit\": \"Wh\"}, {\"value\": \"5.77\", \"context\": \"Sample.Periodic\", \"format\": \"Raw\", \"measurand\": \"Current.Import\", \"phase\": null, \"location\": null, \"unit\": \"A\"}, {\"value\": \"1630.96\", \"context\": \"Sample.Periodic\", \"format\": \"Raw\", \"measurand\": \"Power.Active.Import\", \"phase\": null, \"location\": null, \"unit\": \"W\"}]}], \"transaction_id\": 77}",2023-01-05T23:19:17.092+01:00
035fb44d-a91d-4914-96af-25d68f1606cd,3,acea7af6-eb97-4158-8549-2edda4aab255,MeterValues,2023-01-05T23:19:18.092+01:00,{},2023-01-05T23:19:18.092+01:00
556930de-f6fe-4f7b-a66a-7347b06f92ce,2,c316606a-28b2-4629-ba4b-ef138507aa87,MeterValues,2023-01-05T23:19:39.326+01:00,"{\"connector_id\": 3, \"meter_value\": [{\"timestamp\": \"2023-01-05T22:19:39.326393+00:00\", \"sampled_value\": [{\"value\": \"0.0\", \"context\": \"Sample.Periodic\", \"format\": \"Raw\", \"measurand\": \"Voltage\", \"phase\": \"L1-N\", \"location\": null, \"unit\": \"V\"}, {\"value\": \"7.11\", \"context\": \"Sample.Periodic\", \"format\": \"Raw\", \"measurand\": \"Current.Import\", \"phase\": \"L1\", \"location\": null, \"unit\": \"A\"}, {\"value\": \"1332.32\", \"context\": \"Sample.Periodic\", \"format\": \"Raw\", \"measurand\": \"Power.Active.Import\", \"phase\": \"L1\", \"location\": null, \"unit\": \"W\"}, {\"value\": \"0.0\", \"context\": \"Sample.Periodic\", \"format\": \"Raw\", \"measurand\": \"Voltage\", \"phase\": \"L2-N\", \"location\": null, \"unit\": \"V\"}, {\"value\": \"0.0\", \"context\": \"Sample.Periodic\", \"format\": \"Raw\", \"measurand\": \"Current.Import\", \"phase\": \"L2\", \"location\": null, \"unit\": \"A\"}, {\"value\": \"0.0\", \"context\": \"Sample.Periodic\", \"format\": \"Raw\", \"measurand\": \"Power.Active.Import\", \"phase\": \"L2\", \"location\": null, \"unit\": \"W\"}, {\"value\": \"0.0\", \"context\": \"Sample.Periodic\", \"format\": \"Raw\", \"measurand\": \"Voltage\", \"phase\": \"L3-N\", \"location\": null, \"unit\": \"V\"}, {\"value\": \"0.0\", \"context\": \"Sample.Periodic\", \"format\": \"Raw\", \"measurand\": \"Current.Import\", \"phase\": \"L3\", \"location\": null, \"unit\": \"A\"}, {\"value\": \"0.0\", \"context\": \"Sample.Periodic\", \"format\": \"Raw\", \"measurand\": \"Power.Active.Import\", \"phase\": \"L3\", \"location\": null, \"unit\": \"W\"}, {\"value\": \"122885.94999999995\", \"context\": \"Sample.Periodic\", \"format\": \"Raw\", \"measurand\": \"Energy.Active.Import.Register\", \"phase\": null, \"location\": null, \"unit\": \"Wh\"}, {\"value\": \"7.11\", \"context\": \"Sample.Periodic\", \"format\": \"Raw\", \"measurand\": \"Current.Import\", \"phase\": null, \"location\": null, \"unit\": \"A\"}, {\"value\": \"1332.32\", \"context\": \"Sample.Periodic\", \"format\": \"Raw\", \"measurand\": \"Power.Active.Import\", \"phase\": null, \"location\": null, \"unit\": \"W\"}]}], \"transaction_id\": 76}",2023-01-05T23:19:39.326+01:00
73354bfa-9d69-45c3-be81-bdbba8123f9d,2,cb5e3f9c-1cd2-4c9e-9c18-09fbba6b5300,MeterValues,2023-01-05T23:19:39.408+01:00,"{\"connector_id\": 3, \"meter_value\": [{\"timestamp\": \"2023-01-05T22:19:39.408068+00:00\", \"sampled_value\": [{\"value\": \"0.0\", \"context\": \"Sample.Periodic\", \"format\": \"Raw\", \"measurand\": \"Voltage\", \"phase\": \"L1-N\", \"location\": null, \"unit\": \"V\"}, {\"value\": \"7.27\", \"context\": \"Sample.Periodic\", \"format\": \"Raw\", \"measurand\": \"Current.Import\", \"phase\": \"L1\", \"location\": null, \"unit\": \"A\"}, {\"value\": \"1434.71\", \"context\": \"Sample.Periodic\", \"format\": \"Raw\", \"measurand\": \"Power.Active.Import\", \"phase\": \"L1\", \"location\": null, \"unit\": \"W\"}, {\"value\": \"0.0\", \"context\": \"Sample.Periodic\", \"format\": \"Raw\", \"measurand\": \"Voltage\", \"phase\": \"L2-N\", \"location\": null, \"unit\": \"V\"}, {\"value\": \"0.0\", \"context\": \"Sample.Periodic\", \"format\": \"Raw\", \"measurand\": \"Current.Import\", \"phase\": \"L2\", \"location\": null, \"unit\": \"A\"}, {\"value\": \"0.0\", \"context\": \"Sample.Periodic\", \"format\": \"Raw\", \"measurand\": \"Power.Active.Import\", \"phase\": \"L2\", \"location\": null, \"unit\": \"W\"}, {\"value\": \"0.0\", \"context\": \"Sample.Periodic\", \"format\": \"Raw\", \"measurand\": \"Voltage\", \"phase\": \"L3-N\", \"location\": null, \"unit\": \"V\"}, {\"value\": \"0.0\", \"context\": \"Sample.Periodic\", \"format\": \"Raw\", \"measurand\": \"Current.Import\", \"phase\": \"L3\", \"location\": null, \"unit\": \"A\"}, {\"value\": \"0.0\", \"context\": \"Sample.Periodic\", \"format\": \"Raw\", \"measurand\": \"Power.Active.Import\", \"phase\": \"L3\", \"location\": null, \"unit\": \"W\"}, {\"value\": \"80812.64999999997\", \"context\": \"Sample.Periodic\", \"format\": \"Raw\", \"measurand\": \"Energy.Active.Import.Register\", \"phase\": null, \"location\": null, \"unit\": \"Wh\"}, {\"value\": \"7.27\", \"context\": \"Sample.Periodic\", \"format\": \"Raw\", \"measurand\": \"Current.Import\", \"phase\": null, \"location\": null, \"unit\": \"A\"}, {\"value\": \"1434.71\", \"context\": \"Sample.Periodic\", \"format\": \"Raw\", \"measurand\": \"Power.Active.Import\", \"phase\": null, \"location\": null, \"unit\": \"W\"}]}], \"transaction_id\": 79}",2023-01-05T23:19:39.408+01:00
556930de-f6fe-4f7b-a66a-7347b06f92ce,3,c316606a-28b2-4629-ba4b-ef138507aa87,MeterValues,2023-01-05T23:19:40.326+01:00,{},2023-01-05T23:19:40.326+01:00
73354bfa-9d69-45c3-be81-bdbba8123f9d,3,cb5e3f9c-1cd2-4c9e-9c18-09fbba6b5300,MeterValues,2023-01-05T23:19:40.408+01:00,{},2023-01-05T23:19:40.408+01:00
cd4816a8-f6ed-4e17-9f71-234ba7744383,2,cb5e3f9c-1cd2-4c9e-9c18-09fbba6b5300,StatusNotification,2023-01-05T23:19:42.422+01:00,"{\"connector_id\": 3, \"error_code\": \"NoError\", \"status\": \"SuspendedEV\", \"timestamp\": \"2023-01-05T22:19:42.422120+00:00\", \"info\": null, \"vendor_id\": null, \"vendor_error_code\": null}",2023-01-05T23:19:42.422+01:00
cd4816a8-f6ed-4e17-9f71-234ba7744383,3,cb5e3f9c-1cd2-4c9e-9c18-09fbba6b5300,StatusNotification,2023-01-05T23:19:43.422+01:00,{},2023-01-05T23:19:43.422+01:00
4477bc20-84d2-428b-9987-b91e3d2f63bc,2,8b44acb7-8a2a-4741-915e-3a1cce498ced,Heartbeat,2023-01-05T23:19:45.000+01:00,{},2023-01-05T23:19:45.000+01:00
4477bc20-84d2-428b-9987-b91e3d2f63bc,3,8b44acb7-8a2a-4741-915e-3a1cce498ced,Heartbeat,2023-01-05T23:19:46.000+01:00,"{\\\"current_time\\\": \\\"2023-01-05T22:19:46+00:00\\\"}",2023-01-05T23:19:46.000+01:00
cd1a36b8-c2c2-435d-9fef-090156486cea,2,94073806-8222-430e-8ca4-fab78b58fb67,Heartbeat,2023-01-05T23:19:50.000+01:00,{},2023-01-05T23:19:50.000+01:00
cd1a36b8-c2c2-435d-9fef-090156486cea,3,94073806-8222-430e-8ca4-fab78b58fb67,Heartbeat,2023-01-05T23:19:51.000+01:00,"{\\\"current_time\\\": \\\"2023-01-05T22:19:51.000059+00:00\\\"}",2023-01-05T23:19:51.000+01:00
fb6e2062-85df-48f1-840a-8b88c05f5f6c,2,5d3706d3-5866-4f52-a52c-5efca5fbb312,Heartbeat,2023-01-05T23:19:58.000+01:00,{},2023-01-05T23:19:58.000+01:00
fb6e2062-85df-48f1-840a-8b88c05f5f6c,3,5d3706d3-5866-4f52-a52c-5efca5fbb312,Heartbeat,2023-01-05T23:19:59.000+01:00,"{\\\"current_time\\\": \\\"2023-01-05T22:19:59.000024+00:00\\\"}",2023-01-05T23:19:59.000+01:00
