message_id,message_type,charge_point_id,action,write_timestamp,body,write_timestamp_epoch
f60aa60b-2fc6-41d0-abe5-b0b77f0334b4,2,5d3706d3-5866-4f52-a52c-5efca5fbb312,StopTransaction,2023-01-05T03:35:01.751+01:00,"{\"meter_stop\": 573443, \"timestamp\": \"2023-01-05T02:35:01.751619+00:00\", \"transaction_id\": 64, \"reason\": null, \"id_tag\": \"dbb21a14-b1d8-486d-964b-c1242cd001e3\", \"transaction_data\": null}",2023-01-05T03:35:01.751+01:00
f60aa60b-2fc6-41d0-abe5-b0b77f0334b4,3,5d3706d3-5866-4f52-a52c-5efca5fbb312,StopTransaction,2023-01-05T03:35:02.751+01:00,"{\"id_tag_info\": {\"status\": \"Accepted\", \"parent_id_tag\": \"dbb21a14-b1d8-486d-964b-c1242cd001e3\", \"expiry_date\": null}}",2023-01-05T03:35:02.751+01:00
911d13d5-6193-4083-9fd2-d3740c1ece05,2,5d3706d3-5866-4f52-a52c-5efca5fbb312,StatusNotification,2023-01-05T03:35:03.751+01:00,"{\"connector_id\": 3, \"error_code\": \"NoError\", \"status\": \"Finishing\", \"timestamp\": \"2023-01-05T02:35:03.751619+00:00\", \"info\": null, \"vendor_id\": null, \"vendor_error_code\": null}",2023-01-05T03:35:03.751+01:00
911d13d5-6193-4083-9fd2-d3740c1ece05,3,5d3706d3-5866-4f52-a52c-5efca5fbb312,StatusNotification,2023-01-05T03:35:04.751+01:00,{},2023-01-05T03:35:04.751+01:00
8d91426d-8b9d-4deb-aee3-ee664a14e762,2,8b44acb7-8a2a-4741-915e-3a1cce498ced,MeterValues,2023-01-05T03:35:15.169+01:00,"{\"connector_id\": 1, \"meter_value\": [{\"timestamp\": \"2023-01-05T02:35:15.169168+00:00\", \"sampled_value\": [{\"value\": \"0.0\", \"context\": \"Sample.Periodic\", \"format\": \"Raw\", \"measurand\": \"Voltage\", \"phase\": \"L1-N\", \"location\": null, \"unit\": \"V\"}, {\"value\": \"4.69\", \"context\": \"Sample.Periodic\", \"format\": \"Raw\", \"measurand\": \"Current.Import\", \"phase\": \"L1\", \"location\": null, \"unit\": \"A\"}, {\"value\": \"1675.84\", \"context\": \"Sample.Periodic\", \"format\": \"Raw\", \"measurand\": \"Power.Active.Import\", \"phase\": \"L1\", \"location\": null, \"unit\": \"W\"}, {\"value\": \"0.0\", \"context\": \"Sample.Periodic\", \"format\": \"Raw\", \"measurand\": \"Voltage\", \"phase\": \"L2-N\", \"location\": null, \"unit\": \"V\"}, {\"value\": \"0.0\", \"context\": \"Sample.Periodic\", \"format\": \"Raw\", \"measurand\": \"Current.Import\", \"phase\": \"L2\", \"location\": null, \"unit\": \"A\"}, {\"value\": \"0.0\", \"context\": \"Sample.Periodic\", \"format\": \"Raw\", \"measurand\": \"Power.Active.Import\", \"phase\": \"L2\", \"location\": null, \"unit\": \"W\"}, {\"value\": \"0.0\", \"context\": \"Sample.Periodic\", \"format\": \"Raw\", \"measurand\": \"Voltage\", \"phase\": \"L3-N\", \"location\": null, \"unit\": \"V\"}, {\"value\": \"0.0\", \"context\": \"Sample.Periodic\", \"format\": \"Raw\", \"measurand\": \"Current.Import\", \"phase\": \"L3\", \"location\": null, \"unit\": \"A\"}, {\"value\": \"0.0\", \"context\": \"Sample.Periodic\", \"format\": \"Raw\", \"measurand\": \"Power.Active.Import\", \"phase\": \"L3\", \"location\": null, \"unit\": \"W\"}, {\"value\": \"9998.45\", \"context\": \"Sample.Periodic\", \"format\": \"Raw\", \"measurand\": \"Energy.Active.Import.Register\", \"phase\": null, \"location\": null, \"unit\": \"Wh\"}, {\"value\": \"4.69\", \"context\": \"Sample.Periodic\", \"format\": \"Raw\", \"measurand\": \"Current.Import\", \"phase\": null, \"location\": null, \"unit\": \"A\"}, {\"value\": \"1675.84\", \"context\": \"Sample.Periodic\", \"format\": \"Raw\", \"measurand\": \"Power.Active.Import\", \"phase\": null, \"location\": null, \"unit\": \"W\"}]}], \"transaction_id\": 66}",2023-01-05T03:35:15.169+01:00
8d91426d-8b9d-4deb-aee3-ee664a14e762,3,8b44acb7-8a2a-4741-915e-3a1cce498ced,MeterValues,2023-01-05T03:35:16.169+01:00,{},2023-01-05T03:35:16.169+01:00
e52fdf82-a96b-4bac-af46-2100ab6f4300,2,acea7af6-eb97-4158-8549-2edda4aab255,MeterValues,2023-01-05T03:35:18.901+01:00,"{\"connector_id\": 2, \"meter_value\": [{\"timestamp\": \"2023-01-05T02:35:18.901308+00:00\", \"sampled_value\": [{\"value\": \"0.0\", \"context\": \"Sample.Periodic\", \"format\": \"Raw\", \"measurand\": \"Voltage\", \"phase\": \"L1-N\", \"location\": null, \"unit\": \"V\"}, {\"value\": \"5.72\", \"context\": \"Sample.Periodic\", \"format\": \"Raw\", \"measurand\": \"Current.Import\", \"phase\": \"L1\", \"location\": null, \"unit\": \"A\"}, {\"value\": \"1637.13\", \"context\": \"Sample.Periodic\", \"format\": \"Raw\", \"measurand\": \"Power.Active.Import\", \"phase\": \"L1\", \"location\": null, \"unit\": \"W\"}, {\"value\": \"0.0\", \"context\": \"Sample.Periodic\", \"format\": \"Raw\", \"measurand\": \"Voltage\", \"phase\": \"L2-N\", \"location\": null, \"unit\": \"V\"}, {\"value\": \"0.0\", \"context\": \"Sample.Periodic\", \"format\": \"Raw\", \"measurand\": \"Current.Import\", \"phase\": \"L2\", \"location\": null, \"unit\": \"A\"}, {\"value\": \"0.0\", \"context\": \"Sample.Periodic\", \"format\": \"Raw\", \"measurand\": \"Power.Active.Import\", \"phase\": \"L2\", \"location\": null, \"unit\": \"W\"}, {\"value\": \"0.0\", \"context\": \"Sample.Periodic\", \"format\": \"Raw\", \"measurand\": \"Voltage\", \"phase\": \"L3-N\", \"location\": null, \"unit\": \"V\"}, {\"value\": \"0.0\", \"context\": \"Sample.Periodic\", \"format\": \"Raw\", \"measurand\": \"Current.Import\", \"phase\": \"L3\", \"location\": null, \"unit\": \"A\"}, {\"value\": \"0.0\", \"context\": \"Sample.Periodic\", \"format\": \"Raw\", \"measurand\": \"Power.Active.Import\", \"phase\": \"L3\", \"location\": null, \"unit\": \"W\"}, {\"value\": \"14947.970000000001\", \"context\": \"Sample.Periodic\", \"format\": \"Raw\", \"measurand\": \"Energy.Active.Import.Register\", \"phase\": null, \"location\": null, \"unit\": \"Wh\"}, {\"value\": \"5.72\", \"context\": \"Sample.Periodic\", \"format\": \"Raw\", \"measurand\": \"Current.Import\", \"phase\": null, \"location\": null, \"unit\": \"A\"}, {\"value\": \"1637.13\", \"context\": \"Sample.Periodic\", \"format\": \"Raw\", \"measurand\": \"Power.Active.Import\", \"phase\": null, \"location\": null, \"unit\": \"W\"}]}], \"transaction_id\": 65}",2023-01-05T03:35:18.901+01:00
e52fdf82-a96b-4bac-af46-2100ab6f4300,3,acea7af6-eb97-4158-8549-2edda4aab255,MeterValues,2023-01-05T03:35:19.901+01:00,{},2023-01-05T03:35:19.901+01:00
