message_id,message_type,charge_point_id,action,write_timestamp,body,write_timestamp_epoch
a93d0eac-5862-4415-9f46-647e623d9f9d,2,94073806-8222-430e-8ca4-fab78b58fb67,StartTransaction,2023-01-01T11:43:10.900+01:00,"{\"connector_id\": 2, \"id_tag\": \"e103edef-de1e-49bc-8778-212868400249\", \"meter_start\": 0, \"timestamp\": \"2023-01-01T10:43:09.900215+00:00\", \"reservation_id\": null}",2023-01-01T11:43:10.900+01:00
a93d0eac-5862-4415-9f46-647e623d9f9d,3,94073806-8222-430e-8ca4-fab78b58fb67,StartTransaction,2023-01-01T11:43:11.900+01:00,"{\"transaction_id\": 1, \"id_tag_info\": {\"status\": \"Accepted\", \"parent_id_tag\": \"e103edef-de1e-49bc-8778-212868400249\", \"expiry_date\": null}}",2023-01-01T11:43:11.900+01:00
5bf1ec65-3071-4e41-b241-344caf3f20fa,2,94073806-8222-430e-8ca4-fab78b58fb67,StatusNotification,2023-01-01T11:43:12.900+01:00,"{\"connector_id\": 2, \"error_code\": \"NoError\", \"status\": \"Preparing\", \"timestamp\": \"2023-01-01T10:43:12.900215+00:00\", \"info\": null, \"vendor_id\": null, \"vendor_error_code\": null}",2023-01-01T11:43:12.900+01:00
5bf1ec65-3071-4e41-b241-344caf3f20fa,3,94073806-8222-430e-8ca4-fab78b58fb67,StatusNotification,2023-01-01T11:43:13.900+01:00,{},2023-01-01T11:43:13.900+01:00
fede980d-2f2f-4dc0-93bc-ad64b375caa0,2,94073806-8222-430e-8ca4-fab78b58fb67,StatusNotification,2023-01-01T11:43:13.900+01:00,"{\"connector_id\": 2, \"error_code\": \"NoError\", \"status\": \"Charging\", \"timestamp\": \"2023-01-01T10:43:13.900215+00:00\", \"info\": null, \"vendor_id\": null, \"vendor_error_code\": null}",2023-01-01T11:43:13.900+01:00
fede980d-2f2f-4dc0-93bc-ad64b375caa0,3,94073806-8222-430e-8ca4-fab78b58fb67,StatusNotification,2023-01-01T11:43:14.900+01:00,{},2023-01-01T11:43:14.900+01:00
23ea7d92-9710-44eb-b995-315f3c66e614,2,94073806-8222-430e-8ca4-fab78b58fb67,MeterValues,2023-01-01T11:43:15.900+01:00,"{\"connector_id\": 2, \"meter_value\": [{\"timestamp\": \"2023-01-01T10:43:15.900215+00:00\", \"sampled_value\": [{\"value\": \"0.0\", \"context\": \"Sample.Periodic\", \"format\": \"Raw\", \"measurand\": \"Voltage\", \"phase\": \"L1-N\", \"location\": null, \"unit\": \"V\"}, {\"value\": \"7.28\", \"context\": \"Sample.Periodic\", \"format\": \"Raw\", \"measurand\": \"Current.Import\", \"phase\": \"L1\", \"location\": null, \"unit\": \"A\"}, {\"value\": \"1485.62\", \"context\": \"Sample.Periodic\", \"format\": \"Raw\", \"measurand\": \"Power.Active.Import\", \"phase\": \"L1\", \"location\": null, \"unit\": \"W\"}, {\"value\": \"0.0\", \"context\": \"Sample.Periodic\", \"format\": \"Raw\", \"measurand\": \"Voltage\", \"phase\": \"L2-N\", \"location\": null, \"unit\": \"V\"}, {\"value\": \"0.0\", \"context\": \"Sample.Periodic\", \"format\": \"Raw\", \"measurand\": \"Current.Import\", \"phase\": \"L2\", \"location\": null, \"unit\": \"A\"}, {\"value\": \"0.0\", \"context\": \"Sample.Periodic\", \"format\": \"Raw\", \"measurand\": \"Power.Active.Import\", \"phase\": \"L2\", \"location\": null, \"unit\": \"W\"}, {\"value\": \"0.0\", \"context\": \"Sample.Periodic\", \"format\": \"Raw\", \"measurand\": \"Voltage\", \"phase\": \"L3-N\", \"location\": null, \"unit\": \"V\"}, {\"value\": \"0.0\", \"context\": \"Sample.Periodic\", \"format\": \"Raw\", \"measurand\": \"Current.Import\", \"phase\": \"L3\", \"location\": null, \"unit\": \"A\"}, {\"value\": \"0.0\", \"context\": \"Sample.Periodic\", \"format\": \"Raw\", \"measurand\": \"Power.Active.Import\", \"phase\": \"L3\", \"location\": null, \"unit\": \"W\"}, {\"value\": \"1485.62\", \"context\": \"Sample.Periodic\", \"format\": \"Raw\", \"measurand\": \"Energy.Active.Import.Register\", \"phase\": null, \"location\": null, \"unit\": \"Wh\"}, {\"value\": \"7.28\", \"context\": \"Sample.Periodic\", \"format\": \"Raw\", \"measurand\": \"Current.Import\", \"phase\": null, \"location\": null, \"unit\": \"A\"}, {\"value\": \"1485.62\", \"context\": \"Sample.Periodic\", \"format\": \"Raw\", \"measurand\": \"Power.Active.Import\", \"phase\": null, \"location\": null, \"unit\": \"W\"}]}], \"transaction_id\": 1}",2023-01-01T11:43:15.900+01:00
23ea7d92-9710-44eb-b995-315f3c66e614,3,94073806-8222-430e-8ca4-fab78b58fb67,MeterValues,2023-01-01T11:43:16.900+01:00,{},2023-01-01T11:43:16.900+01:00
8c244105-563a-4a17-8cc2-31a0aadc23c6,2,d85b4397-e44d-4105-bf73-8b7de467763f,Heartbeat,2023-01-01T11:43:29.000+01:00,{},2023-01-01T11:43:29.000+01:00
8c244105-563a-4a17-8cc2-31a0aadc23c6,3,d85b4397-e44d-4105-bf73-8b7de467763f,Heartbeat,2023-01-01T11:43:30.000+01:00,"{\\\"current_time\\\": \\\"2023-01-01T10:43:30.000025+00:00\\\"}",2023-01-01T11:43:30.000+01:00
91a5d915-683c-4697-b337-fc5d230662d8,2,a1d93b72-1a3e-42be-a301-ffbad19a0c44,Heartbeat,2023-01-01T11:43:39.000+01:00,{},2023-01-01T11:43:39.000+01:00
91a5d915-683c-4697-b337-fc5d230662d8,3,a1d93b72-1a3e-42be-a301-ffbad19a0c44,Heartbeat,2023-01-01T11:43:40.000+01:00,"{\\\"current_time\\\": \\\"2023-01-01T10:43:40.000036+00:00\\\"}",2023-01-01T11:43:40.000+01:00
