message_id,message_type,charge_point_id,action,write_timestamp,body,write_timestamp_epoch
7b72869b-f4c9-490a-90cf-db47c0bc8b6a,2,acea7af6-eb97-4158-8549-2edda4aab255,StartTransaction,2023-01-05T02:55:13.901+01:00,"{\"connector_id\": 2, \"id_tag\": \"fef800e5-2eb3-4a3a-9be6-52843394d070\", \"meter_start\": 755645, \"timestamp\": \"2023-01-05T01:55:12.901308+00:00\", \"reservation_id\": null}",2023-01-05T02:55:13.901+01:00
7b72869b-f4c9-490a-90cf-db47c0bc8b6a,3,acea7af6-eb97-4158-8549-2edda4aab255,StartTransaction,2023-01-05T02:55:14.901+01:00,"{\"transaction_id\": 65, \"id_tag_info\": {\"status\": \"Accepted\", \"parent_id_tag\": \"fef800e5-2eb3-4a3a-9be6-52843394d070\", \"expiry_date\": null}}",2023-01-05T02:55:14.901+01:00
f99ab62c-75bb-45a8-b038-b909991cc3d1,2,acea7af6-eb97-4158-8549-2edda4aab255,StatusNotification,2023-01-05T02:55:15.901+01:00,"{\"connector_id\": 2, \"error_code\": \"NoError\", \"status\": \"Preparing\", \"timestamp\": \"2023-01-05T01:55:15.901308+00:00\", \"info\": null, \"vendor_id\": null, \"vendor_error_code\": null}",2023-01-05T02:55:15.901+01:00
f99ab62c-75bb-45a8-b038-b909991cc3d1,3,acea7af6-eb97-4158-8549-2edda4aab255,StatusNotification,2023-01-05T02:55:16.901+01:00,{},2023-01-05T02:55:16.901+01:00
58ffbf93-77cf-46df-9098-16e3297344b9,2,acea7af6-eb97-4158-8549-2edda4aab255,StatusNotification,2023-01-05T02:55:16.901+01:00,"{\"connector_id\": 2, \"error_code\": \"NoError\", \"status\": \"Charging\", \"timestamp\": \"2023-01-05T01:55:16.901308+00:00\", \"info\": null, \"vendor_id\": null, \"vendor_error_code\": null}",2023-01-05T02:55:16.901+01:00
58ffbf93-77cf-46df-9098-16e3297344b9,3,acea7af6-eb97-4158-8549-2edda4aab255,StatusNotification,2023-01-05T02:55:17.901+01:00,{},2023-01-05T02:55:17.901+01:00
e52fdf82-a96b-4bac-af46-2100ab6f4300,2,acea7af6-eb97-4158-8549-2edda4aab255,MeterValues,2023-01-05T02:55:18.901+01:00,"{\"connector_id\": 2, \"meter_value\": [{\"timestamp\": \"2023-01-05T01:55:18.901308+00:00\", \"sampled_value\": [{\"value\": \"0.0\", \"context\": \"Sample.Periodic\", \"format\": \"Raw\", \"measurand\": \"Voltage\", \"phase\": \"L1-N\", \"location\": null, \"unit\": \"V\"}, {\"value\": \"5.42\", \"context\": \"Sample.Periodic\", \"format\": \"Raw\", \"measurand\": \"Current.Import\", \"phase\": \"L1\", \"location\": null, \"unit\": \"A\"}, {\"value\": \"1665.31\", \"context\": \"Sample.Periodic\", \"format\": \"Raw\", \"measurand\": \"Power.Active.Import\", \"phase\": \"L1\", \"location\": null, \"unit\": \"W\"}, {\"value\": \"0.0\", \"context\": \"Sample.Periodic\", \"format\": \"Raw\", \"measurand\": \"Voltage\", \"phase\": \"L2-N\", \"location\": null, \"unit\": \"V\"}, {\"value\": \"0.0\", \"context\": \"Sample.Periodic\", \"format\": \"Raw\", \"measurand\": \"Current.Import\", \"phase\": \"L2\", \"location\": null, \"unit\": \"A\"}, {\"value\": \"0.0\", \"context\": \"Sample.Periodic\", \"format\": \"Raw\", \"measurand\": \"Power.Active.Import\", \"phase\": \"L2\", \"location\": null, \"unit\": \"W\"}, {\"value\": \"0.0\", \"context\": \"Sample.Periodic\", \"format\": \"Raw\", \"measurand\": \"Voltage\", \"phase\": \"L3-N\", \"location\": null, \"unit\": \"V\"}, {\"value\": \"0.0\", \"context\": \"Sample.Periodic\", \"format\": \"Raw\", \"measurand\": \"Current.Import\", \"phase\": \"L3\", \"location\": null, \"unit\": \"A\"}, {\"value\": \"0.0\", \"context\": \"Sample.Periodic\", \"format\": \"Raw\", \"measurand\": \"Power.Active.Import\", \"phase\": \"L3\", \"location\": null, \"unit\": \"W\"}, {\"value\": \"1665.31\", \"context\": \"Sample.Periodic\", \"format\": \"Raw\", \"measurand\": \"Energy.Active.Import.Register\", \"phase\": null, \"location\": null, \"unit\": \"Wh\"}, {\"value\": \"5.42\", \"context\": \"Sample.Periodic\", \"format\": \"Raw\", \"measurand\": \"Current.Import\", \"phase\": null, \"location\": null, \"unit\": \"A\"}, {\"value\": \"1665.31\", \"context\": \"Sample.Periodic\", \"format\": \"Raw\", \"measurand\": \"Power.Active.Import\", \"phase\": null, \"location\": null, \"unit\": \"W\"}]}], \"transaction_id\": 65}",2023-01-05T02:55:18.901+01:00
e52fdf82-a96b-4bac-af46-2100ab6f4300,3,acea7af6-eb97-4158-8549-2edda4aab255,MeterValues,2023-01-05T02:55:19.901+01:00,{},2023-01-05T02:55:19.901+01:00
142aa315-86b0-4af0-8537-e67df75055be,2,5d3706d3-5866-4f52-a52c-5efca5fbb312,MeterValues,2023-01-05T02:55:28.461+01:00,"{\"connector_id\": 3, \"meter_value\": [{\"timestamp\": \"2023-01-05T01:55:28.461635+00:00\", \"sampled_value\": [{\"value\": \"0.0\", \"context\": \"Sample.Periodic\", \"format\": \"Raw\", \"measurand\": \"Voltage\", \"phase\": \"L1-N\", \"location\": null, \"unit\": \"V\"}, {\"value\": \"0.0\", \"context\": \"Sample.Periodic\", \"format\": \"Raw\", \"measurand\": \"Current.Import\", \"phase\": \"L1\", \"location\": null, \"unit\": \"A\"}, {\"value\": \"0.0\", \"context\": \"Sample.Periodic\", \"format\": \"Raw\", \"measurand\": \"Power.Active.Import\", \"phase\": \"L1\", \"location\": null, \"unit\": \"W\"}, {\"value\": \"0.0\", \"context\": \"Sample.Periodic\", \"format\": \"Raw\", \"measurand\": \"Voltage\", \"phase\": \"L2-N\", \"location\": null, \"unit\": \"V\"}, {\"value\": \"0.0\", \"context\": \"Sample.Periodic\", \"format\": \"Raw\", \"measurand\": \"Current.Import\", \"phase\": \"L2\", \"location\": null, \"unit\": \"A\"}, {\"value\": \"0.0\", \"context\": \"Sample.Periodic\", \"format\": \"Raw\", \"measurand\": \"Power.Active.Import\", \"phase\": \"L2\", \"location\": null, \"unit\": \"W\"}, {\"value\": \"0.0\", \"context\": \"Sample.Periodic\", \"format\": \"Raw\", \"measurand\": \"Voltage\", \"phase\": \"L3-N\", \"location\": null, \"unit\": \"V\"}, {\"value\": \"0.0\", \"context\": \"Sample.Periodic\", \"format\": \"Raw\", \"measurand\": \"Current.Import\", \"phase\": \"L3\", \"location\": null, \"unit\": \"A\"}, {\"value\": \"0.0\", \"context\": \"Sample.Periodic\", \"format\": \"Raw\", \"measurand\": \"Power.Active.Import\", \"phase\": \"L3\", \"location\": null, \"unit\": \"W\"}, {\"value\": \"47512.71000000001\", \"context\": \"Sample.Periodic\", \"format\": \"Raw\", \"measurand\": \"Energy.Active.Import.Register\", \"phase\": null, \"location\": null, \"unit\": \"Wh\"}, {\"value\": \"0.0\", \"context\": \"Sample.Periodic\", \"format\": \"Raw\", \"measurand\": \"Current.Import\", \"phase\": null, \"location\": null, \"unit\": \"A\"}, {\"value\": \"0.0\", \"context\": \"Sample.Periodic\", \"format\": \"Raw\", \"measurand\": \"Power.Active.Import\", \"phase\": null, \"location\": null, \"unit\": \"W\"}]}], \"transaction_id\": 64}",2023-01-05T02:55:28.461+01:00
142aa315-86b0-4af0-8537-e67df75055be,3,5d3706d3-5866-4f52-a52c-5efca5fbb312,MeterValues,2023-01-05T02:55:29.461+01:00,{},2023-01-05T02:55:29.461+01:00
