message_id,message_type,charge_point_id,action,write_timestamp,body,write_timestamp_epoch
d0e46394-6804-48e9-b65a-39dfbe28835e,2,acea7af6-eb97-4158-8549-2edda4aab255,Heartbeat,2023-01-03T11:19:11.000+01:00,{},2023-01-03T11:19:11.000+01:00
d0e46394-6804-48e9-b65a-39dfbe28835e,3,acea7af6-eb97-4158-8549-2edda4aab255,Heartbeat,2023-01-03T11:19:12.000+01:00,"{\\\"current_time\\\": \\\"2023-01-03T10:19:12.000055+00:00\\\"}",2023-01-03T11:19:12.000+01:00
91dbbbd5-ff09-4357-b5d5-55607112acac,2,c316606a-28b2-4629-ba4b-ef138507aa87,MeterValues,2023-01-03T11:19:26.513+01:00,"{\"connector_id\": 2, \"meter_value\": [{\"timestamp\": \"2023-01-03T10:19:26.513033+00:00\", \"sampled_value\": [{\"value\": \"0.0\", \"context\": \"Sample.Periodic\", \"format\": \"Raw\", \"measurand\": \"Voltage\", \"phase\": \"L1-N\", \"location\": null, \"unit\": \"V\"}, {\"value\": \"5.13\", \"context\": \"Sample.Periodic\", \"format\": \"Raw\", \"measurand\": \"Current.Import\", \"phase\": \"L1\", \"location\": null, \"unit\": \"A\"}, {\"value\": \"1510.01\", \"context\": \"Sample.Periodic\", \"format\": \"Raw\", \"measurand\": \"Power.Active.Import\", \"phase\": \"L1\", \"location\": null, \"unit\": \"W\"}, {\"value\": \"0.0\", \"context\": \"Sample.Periodic\", \"format\": \"Raw\", \"measurand\": \"Voltage\", \"phase\": \"L2-N\", \"location\": null, \"unit\": \"V\"}, {\"value\": \"0.0\", \"context\": \"Sample.Periodic\", \"format\": \"Raw\", \"measurand\": \"Current.Import\", \"phase\": \"L2\", \"location\": null, \"unit\": \"A\"}, {\"value\": \"0.0\", \"context\": \"Sample.Periodic\", \"format\": \"Raw\", \"measurand\": \"Power.Active.Import\", \"phase\": \"L2\", \"location\": null, \"unit\": \"W\"}, {\"value\": \"0.0\", \"context\": \"Sample.Periodic\", \"format\": \"Raw\", \"measurand\": \"Voltage\", \"phase\": \"L3-N\", \"location\": null, \"unit\": \"V\"}, {\"value\": \"0.0\", \"context\": \"Sample.Periodic\", \"format\": \"Raw\", \"measurand\": \"Current.Import\", \"phase\": \"L3\", \"location\": null, \"unit\": \"A\"}, {\"value\": \"0.0\", \"context\": \"Sample.Periodic\", \"format\": \"Raw\", \"measurand\": \"Power.Active.Import\", \"phase\": \"L3\", \"location\": null, \"unit\": \"W\"}, {\"value\": \"53242.18000000001\", \"context\": \"Sample.Periodic\", \"format\": \"Raw\", \"measurand\": \"Energy.Active.Import.Register\", \"phase\": null, \"location\": null, \"unit\": \"Wh\"}, {\"value\": \"5.13\", \"context\": \"Sample.Periodic\", \"format\": \"Raw\", \"measurand\": \"Current.Import\", \"phase\": null, \"location\": null, \"unit\": \"A\"}, {\"value\": \"1510.01\", \"context\": \"Sample.Periodic\", \"format\": \"Raw\", \"measurand\": \"Power.Active.Import\", \"phase\": null, \"location\": null, \"unit\": \"W\"}]}], \"transaction_id\": 35}",2023-01-03T11:19:26.513+01:00
91dbbbd5-ff09-4357-b5d5-55607112acac,3,c316606a-28b2-4629-ba4b-ef138507aa87,MeterValues,2023-01-03T11:19:27.513+01:00,{},2023-01-03T11:19:27.513+01:00
a3171bd9-f482-481d-978f-1f691db03d13,2,94073806-8222-430e-8ca4-fab78b58fb67,MeterValues,2023-01-03T11:19:29.479+01:00,"{\"connector_id\": 1, \"meter_value\": [{\"timestamp\": \"2023-01-03T10:19:29.479410+00:00\", \"sampled_value\": [{\"value\": \"0.0\", \"context\": \"Sample.Periodic\", \"format\": \"Raw\", \"measurand\": \"Voltage\", \"phase\": \"L1-N\", \"location\": null, \"unit\": \"V\"}, {\"value\": \"4.17\", \"context\": \"Sample.Periodic\", \"format\": \"Raw\", \"measurand\": \"Current.Import\", \"phase\": \"L1\", \"location\": null, \"unit\": \"A\"}, {\"value\": \"1579.78\", \"context\": \"Sample.Periodic\", \"format\": \"Raw\", \"measurand\": \"Power.Active.Import\", \"phase\": \"L1\", \"location\": null, \"unit\": \"W\"}, {\"value\": \"0.0\", \"context\": \"Sample.Periodic\", \"format\": \"Raw\", \"measurand\": \"Voltage\", \"phase\": \"L2-N\", \"location\": null, \"unit\": \"V\"}, {\"value\": \"0.0\", \"context\": \"Sample.Periodic\", \"format\": \"Raw\", \"measurand\": \"Current.Import\", \"phase\": \"L2\", \"location\": null, \"unit\": \"A\"}, {\"value\": \"0.0\", \"context\": \"Sample.Periodic\", \"format\": \"Raw\", \"measurand\": \"Power.Active.Import\", \"phase\": \"L2\", \"location\": null, \"unit\": \"W\"}, {\"value\": \"0.0\", \"context\": \"Sample.Periodic\", \"format\": \"Raw\", \"measurand\": \"Voltage\", \"phase\": \"L3-N\", \"location\": null, \"unit\": \"V\"}, {\"value\": \"0.0\", \"context\": \"Sample.Periodic\", \"format\": \"Raw\", \"measurand\": \"Current.Import\", \"phase\": \"L3\", \"location\": null, \"unit\": \"A\"}, {\"value\": \"0.0\", \"context\": \"Sample.Periodic\", \"format\": \"Raw\", \"measurand\": \"Power.Active.Import\", \"phase\": \"L3\", \"location\": null, \"unit\": \"W\"}, {\"value\": \"137327.68000000002\", \"context\": \"Sample.Periodic\", \"format\": \"Raw\", \"measurand\": \"Energy.Active.Import.Register\", \"phase\": null, \"location\": null, \"unit\": \"Wh\"}, {\"value\": \"4.17\", \"context\": \"Sample.Periodic\", \"format\": \"Raw\", \"measurand\": \"Current.Import\", \"phase\": null, \"location\": null, \"unit\": \"A\"}, {\"value\": \"1579.78\", \"context\": \"Sample.Periodic\", \"format\": \"Raw\", \"measurand\": \"Power.Active.Import\", \"phase\": null, \"location\": null, \"unit\": \"W\"}]}], \"transaction_id\": 30}",2023-01-03T11:19:29.479+01:00
a3171bd9-f482-481d-978f-1f691db03d13,3,94073806-8222-430e-8ca4-fab78b58fb67,MeterValues,2023-01-03T11:19:30.479+01:00,{},2023-01-03T11:19:30.479+01:00
4477bc20-84d2-428b-9987-b91e3d2f63bc,2,8b44acb7-8a2a-4741-915e-3a1cce498ced,Heartbeat,2023-01-03T11:19:45.000+01:00,{},2023-01-03T11:19:45.000+01:00
4477bc20-84d2-428b-9987-b91e3d2f63bc,3,8b44acb7-8a2a-4741-915e-3a1cce498ced,Heartbeat,2023-01-03T11:19:46.000+01:00,"{\\\"current_time\\\": \\\"2023-01-03T10:19:46+00:00\\\"}",2023-01-03T11:19:46.000+01:00
cd1a36b8-c2c2-435d-9fef-090156486cea,2,94073806-8222-430e-8ca4-fab78b58fb67,Heartbeat,2023-01-03T11:19:50.000+01:00,{},2023-01-03T11:19:50.000+01:00
cd1a36b8-c2c2-435d-9fef-090156486cea,3,94073806-8222-430e-8ca4-fab78b58fb67,Heartbeat,2023-01-03T11:19:51.000+01:00,"{\\\"current_time\\\": \\\"2023-01-03T10:19:51.000059+00:00\\\"}",2023-01-03T11:19:51.000+01:00
fb6e2062-85df-48f1-840a-8b88c05f5f6c,2,5d3706d3-5866-4f52-a52c-5efca5fbb312,Heartbeat,2023-01-03T11:19:58.000+01:00,{},2023-01-03T11:19:58.000+01:00
fb6e2062-85df-48f1-840a-8b88c05f5f6c,3,5d3706d3-5866-4f52-a52c-5efca5fbb312,Heartbeat,2023-01-03T11:19:59.000+01:00,"{\\\"current_time\\\": \\\"2023-01-03T10:19:59.000024+00:00\\\"}",2023-01-03T11:19:59.000+01:00
