message_id,message_type,charge_point_id,action,write_timestamp,body,write_timestamp_epoch
5d2ecd5b-750a-4427-be28-cdefae80256b,2,b3dbcb91-72ab-42b7-8399-90f540ee38d9,MeterValues,2023-01-05T07:32:22.591+01:00,"{\"connector_id\": 2, \"meter_value\": [{\"timestamp\": \"2023-01-05T06:32:22.591137+00:00\", \"sampled_value\": [{\"value\": \"0.0\", \"context\": \"Sample.Periodic\", \"format\": \"Raw\", \"measurand\": \"Voltage\", \"phase\": \"L1-N\", \"location\": null, \"unit\": \"V\"}, {\"value\": \"4.55\", \"context\": \"Sample.Periodic\", \"format\": \"Raw\", \"measurand\": \"Current.Import\", \"phase\": \"L1\", \"location\": null, \"unit\": \"A\"}, {\"value\": \"1658.29\", \"context\": \"Sample.Periodic\", \"format\": \"Raw\", \"measurand\": \"Power.Active.Import\", \"phase\": \"L1\", \"location\": null, \"unit\": \"W\"}, {\"value\": \"0.0\", \"context\": \"Sample.Periodic\", \"format\": \"Raw\", \"measurand\": \"Voltage\", \"phase\": \"L2-N\", \"location\": null, \"unit\": \"V\"}, {\"value\": \"0.0\", \"context\": \"Sample.Periodic\", \"format\": \"Raw\", \"measurand\": \"Current.Import\", \"phase\": \"L2\", \"location\": null, \"unit\": \"A\"}, {\"value\": \"0.0\", \"context\": \"Sample.Periodic\", \"format\": \"Raw\", \"measurand\": \"Power.Active.Import\", \"phase\": \"L2\", \"location\": null, \"unit\": \"W\"}, {\"value\": \"0.0\", \"context\": \"Sample.Periodic\", \"format\": \"Raw\", \"measurand\": \"Voltage\", \"phase\": \"L3-N\", \"location\": null, \"unit\": \"V\"}, {\"value\": \"0.0\", \"context\": \"Sample.Periodic\", \"format\": \"Raw\", \"measurand\": \"Current.Import\", \"phase\": \"L3\", \"location\": null, \"unit\": \"A\"}, {\"value\": \"0.0\", \"context\": \"Sample.Periodic\", \"format\": \"Raw\", \"measurand\": \"Power.Active.Import\", \"phase\": \"L3\", \"location\": null, \"unit\": \"W\"}, {\"value\": \"43325.49\", \"context\": \"Sample.Periodic\", \"format\": \"Raw\", \"measurand\": \"Energy.Active.Import.Register\", \"phase\": null, \"location\": null, \"unit\": \"Wh\"}, {\"value\": \"4.55\", \"context\": \"Sample.Periodic\", \"format\": \"Raw\", \"measurand\": \"Current.Import\", \"phase\": null, \"location\": null, \"unit\": \"A\"}, {\"value\": \"1658.29\", \"context\": \"Sample.Periodic\", \"format\": \"Raw\", \"measurand\": \"Power.Active.Import\", \"phase\": null, \"location\": null, \"unit\": \"W\"}]}], \"transaction_id\": 68}",2023-01-05T07:32:22.591+01:00
5d2ecd5b-750a-4427-be28-cdefae80256b,3,b3dbcb91-72ab-42b7-8399-90f540ee38d9,MeterValues,2023-01-05T07:32:23.591+01:00,{},2023-01-05T07:32:23.591+01:00
9a9da47b-953c-4f86-8496-31cef5eac483,2,c316606a-28b2-4629-ba4b-ef138507aa87,Heartbeat,2023-01-05T07:32:45.000+01:00,{},2023-01-05T07:32:45.000+01:00
9a9da47b-953c-4f86-8496-31cef5eac483,3,c316606a-28b2-4629-ba4b-ef138507aa87,Heartbeat,2023-01-05T07:32:46.000+01:00,"{\\\"current_time\\\": \\\"2023-01-05T06:32:46.000011+00:00\\\"}",2023-01-05T07:32:46.000+01:00
